"great explain mam,
thank youğŸ˜„ğŸ˜„"
!,@,#,$,%,U,^,&,*,(,)
Thankyou so much mam!
!,@,#,$,%,U,^,&,*,(,)
3:17 the guy â˜ â˜ â˜ â˜ 
!,@,#,$,%,U,^,&,*,(,)
Thank you mam its helpfull ğŸ¤
!,@,#,$,%,U,^,&,*,(,)
i have seen the mid is also calcuated by using this operator middle = start + (end - start) / 2 by is  this used instead of middle = (start  + end) / 2
!,@,#,$,%,U,^,&,*,(,)
Linear search ?
!,@,#,$,%,U,^,&,*,(,)
Always grateful for your efforts in making us more understanding about the concepts with your impeccable ways of teaching madam
!,@,#,$,%,U,^,&,*,(,)
Legends watching one night before examâ¤exam
!,@,#,$,%,U,^,&,*,(,)
"Very well define binary search ğŸ”.
And I have exam tomorrow of data structure"
!,@,#,$,%,U,^,&,*,(,)
I have come across 3 youtube videos they all explain me with the codes but can't explain the logic efficiently thanks Mam in the first session I easily understands this topic.  Thankyou for saving my time
!,@,#,$,%,U,^,&,*,(,)
"ohh its so easy, wway better all the blogs I have learnt, thankyou ğŸ‘Œ"
!,@,#,$,%,U,^,&,*,(,)
Nice presentation âœŒ
!,@,#,$,%,U,^,&,*,(,)
Why are you approximating the mid to the least possible values.  5+6=11. 11/2 =5.5 which should be approximately be 6 but you said 5....?
!,@,#,$,%,U,^,&,*,(,)
Super akka
!,@,#,$,%,U,^,&,*,(,)
Thank you for the video today is my dsa exam
!,@,#,$,%,U,^,&,*,(,)
I was studying in a quite room and suddenly I hear a strange sound and it was like a ghost ğŸ‘» I went out my room i got terrified but later i found that at 3:17 there is a man gorgling in the video ğŸ¤£ğŸ¤£
!,@,#,$,%,U,^,&,*,(,)
Thank you I am going to give exam after 3 hoursğŸ‘
!,@,#,$,%,U,^,&,*,(,)
Simplest explanation ever seen
!,@,#,$,%,U,^,&,*,(,)
Thank you mam â¤ï¸
!,@,#,$,%,U,^,&,*,(,)
Thanks for This Tutorial
!,@,#,$,%,U,^,&,*,(,)
Mam English aati nai ha toh kyu bol rhi ho ..axhi khassi lang.ha Hindi usi ko boloğŸ¤£
!,@,#,$,%,U,^,&,*,(,)
Thank you so much.
!,@,#,$,%,U,^,&,*,(,)
Thank you
!,@,#,$,%,U,^,&,*,(,)
Today exam ğŸ˜‚
!,@,#,$,%,U,^,&,*,(,)
Thanks
!,@,#,$,%,U,^,&,*,(,)
Your explanation is sooo easy to grasp that i figured it out during the first 3 minutes. Thank you ma'am for making the video. You saved my GPA this semester
!,@,#,$,%,U,^,&,*,(,)
Day after tomorrow my exam ğŸ™‚
!,@,#,$,%,U,^,&,*,(,)
Thank you  for this tutorial mam tomorrow I have exam of data structure ğŸ‘Œ
!,@,#,$,%,U,^,&,*,(,)
Thanks. I have an exam todayğŸ˜…
!,@,#,$,%,U,^,&,*,(,)
Thanks ma'am for wonderful explaination â¤ï¸ğŸ™ğŸ»
!,@,#,$,%,U,^,&,*,(,)
Love youâ¤ ma'am
!,@,#,$,%,U,^,&,*,(,)
A lot of thank q mam
!,@,#,$,%,U,^,&,*,(,)
Ch******  bna rhi hai
!,@,#,$,%,U,^,&,*,(,)
Wonderful explanation ma'am! Thank you so much  <3
!,@,#,$,%,U,^,&,*,(,)
Mmmmmmm ğŸ™ƒğŸ¤£ may God blesss this is understandable.
!,@,#,$,%,U,^,&,*,(,)
Thank you mam
!,@,#,$,%,U,^,&,*,(,)
"Well, that was amazing.....
I got it mam... Thank you...ğŸ˜"
!,@,#,$,%,U,^,&,*,(,)
"illustrate the working of binary search tree while searching for the element 14 in the following sorted array :
8,14,20,25,35,45,50,85,95,100
Also analyze the algorithm for best and worst cases.

Please solve this question ğŸ™"
!,@,#,$,%,U,^,&,*,(,)
What a explanation ma'am
!,@,#,$,%,U,^,&,*,(,)
thank u so much
!,@,#,$,%,U,^,&,*,(,)
The tea was ğŸ˜
!,@,#,$,%,U,^,&,*,(,)
AusomeğŸ’¥ on point  crystal clear â¤ï¸understood thank u mam â¤ï¸
!,@,#,$,%,U,^,&,*,(,)
"Hlo,that is mid-1/2   and you took 5+6/2"
!,@,#,$,%,U,^,&,*,(,)
Agar English me samajhna hota to book se he kr lete
!,@,#,$,%,U,^,&,*,(,)
I have exam tomorrow
!,@,#,$,%,U,^,&,*,(,)
Nice and clearly explanation mamğŸ‘Œthank you so much mamğŸ˜Š
!,@,#,$,%,U,^,&,*,(,)
Useful info but how you can mid value in array in ur video?
!,@,#,$,%,U,^,&,*,(,)
Mam u didn't mention previous binary search topic link please can u do it for us.
!,@,#,$,%,U,^,&,*,(,)
thanks it's 2.14 am and i have exam at 11 am
!,@,#,$,%,U,^,&,*,(,)
Thanku  so much mam i easily understand your concept with easy method
!,@,#,$,%,U,^,&,*,(,)
There's always an Indian to save your day!
!,@,#,$,%,U,^,&,*,(,)
Watching this half an hour before examğŸ˜‚ğŸ˜‚
!,@,#,$,%,U,^,&,*,(,)
Tqsm mam tomorrow my exams is thr TQ tqsm Mam ğŸ™ğŸ»ğŸ™ğŸ»
!,@,#,$,%,U,^,&,*,(,)
what is a successful search ?
!,@,#,$,%,U,^,&,*,(,)
Thanks mam
!,@,#,$,%,U,^,&,*,(,)
Thank u soo much mam
!,@,#,$,%,U,^,&,*,(,)
Tomorrow I have exam adaa
!,@,#,$,%,U,^,&,*,(,)
i am commenting from Ethiopia. You are helping many of us. keep up
!,@,#,$,%,U,^,&,*,(,)
Recurrence relation problem video plzzz in DAA
!,@,#,$,%,U,^,&,*,(,)
"maam, you never said whats the purpose of binary search in the first place. You never said why we start from the middle. You never explained the difference between index positions and the values at those positions. Please take these steps into consideration."
!,@,#,$,%,U,^,&,*,(,)
TQ great Explanation
!,@,#,$,%,U,^,&,*,(,)
thank you so much !
!,@,#,$,%,U,^,&,*,(,)
It's midnight and I'm having exam in the morning ğŸ˜…
!,@,#,$,%,U,^,&,*,(,)
"ITS REALLY WOUNDERFULL EXPLANATION , THANK YOU SO MUCH"
!,@,#,$,%,U,^,&,*,(,)
nice mam
!,@,#,$,%,U,^,&,*,(,)
Thank u Mam
!,@,#,$,%,U,^,&,*,(,)
Thanks. I hope there's also a tutorial for unsorted array
!,@,#,$,%,U,^,&,*,(,)
Who all have exam tomo and studying todayğŸ˜…
!,@,#,$,%,U,^,&,*,(,)
nice nail polish mam
!,@,#,$,%,U,^,&,*,(,)
Thanks for the  great teaching
!,@,#,$,%,U,^,&,*,(,)
Today I have my DAA examğŸ˜…ğŸ˜…
!,@,#,$,%,U,^,&,*,(,)
Mam in array 4means 32no how you taken 33madam
!,@,#,$,%,U,^,&,*,(,)
Tqq mam.. It is very helpful for my tomorrow's exam.
!,@,#,$,%,U,^,&,*,(,)
Agr last element find krna ho to kese krenge
!,@,#,$,%,U,^,&,*,(,)
"Binary Search always takeceiling, if we divide 9/2 the ans is 4.5 but in binary search it will considered 5 because of Takeceiling*. If im wrong then sorry <3"
!,@,#,$,%,U,^,&,*,(,)
Thank you so much maam
!,@,#,$,%,U,^,&,*,(,)
"Bhagwaan aapka bhala kareğŸ˜­ğŸ˜­ğŸ˜­ğŸ’–ğŸ’–aapko sundar pati mile, rich ğŸ¤£ğŸ¤£ğŸ¤£"
!,@,#,$,%,U,^,&,*,(,)
you should use  start+ (end-start)/2
!,@,#,$,%,U,^,&,*,(,)
Different from all other explanations
!,@,#,$,%,U,^,&,*,(,)
"My problem is where the comparison takes place. Seen many videos for that but not explained exactly but you did that.
I felt I happy for your meaningful
Explanation ........ğŸ™ğŸ™ğŸ™ğŸ™"
!,@,#,$,%,U,^,&,*,(,)
its Not That much Efficient
!,@,#,$,%,U,^,&,*,(,)
I have exam after 2 hours ğŸ˜‚ğŸ˜‚
!,@,#,$,%,U,^,&,*,(,)
Tommorow my paper nd i m searching here binary search
!,@,#,$,%,U,^,&,*,(,)
Sort And Sweet In NutShell Manner That What I Exactly Want..â™ ï¸ğŸ‘ğŸ¼
!,@,#,$,%,U,^,&,*,(,)
simply understand..!!
!,@,#,$,%,U,^,&,*,(,)
Thankyou...I have exam in 3hrsğŸ¤§
!,@,#,$,%,U,^,&,*,(,)
"teacher teacher , should i order the array from the smallest to the biggest first if the arrangement is scattered"
!,@,#,$,%,U,^,&,*,(,)
Linear search hy ???
!,@,#,$,%,U,^,&,*,(,)
Thank you very much mam
!,@,#,$,%,U,^,&,*,(,)
"In my exam, I wrote code of linear search instead of binary search, how many marks will be cut of mine, pls tell??"
!,@,#,$,%,U,^,&,*,(,)
Shri Radhe Radhe Ji ğŸ™ğŸ™ğŸ™ Shri Kunj Bihari Ji ğŸ™ğŸ™ğŸ™ Shri Haridas Ji ğŸ™ğŸ™ğŸ™ Jai Laddu Gopal  Ji ğŸ™ğŸ™ğŸ™ Meri Radhika Maai ko Mera Pranam Hamari Radhika Maai ko Mera Pranam
!,@,#,$,%,U,^,&,*,(,)
Superb But How we Writie Program To This
!,@,#,$,%,U,^,&,*,(,)
Thenku madam ingleesh bolne me thodi sudhar ki jarurat hai
!,@,#,$,%,U,^,&,*,(,)
Awesome explanation
!,@,#,$,%,U,^,&,*,(,)
Why we have to take up numbers as 0 1 2
!,@,#,$,%,U,^,&,*,(,)
"Damn it's funny how teachers in youtube are making it easy than the teachers in universito and that too even after getting paid in lakhs... 

Thanks Madam.
Jay Hind
Jay Shree Ram ğŸš©"
!,@,#,$,%,U,^,&,*,(,)
Great explanation ma'am! Thank you! Now I understand the basic how the binary search (sorted array) work!
!,@,#,$,%,U,^,&,*,(,)
Bhut hi behtreen mam  khi smjh nhi ayaaa hme apka video smjh aaa gyaa thanku so much mam
!,@,#,$,%,U,^,&,*,(,)
After exam im here
!,@,#,$,%,U,^,&,*,(,)
Listen to the background noise from 2:57 - 3:26 ğŸ˜‚
!,@,#,$,%,U,^,&,*,(,)
aman dhtrwl videos are quick paced i dont understand many things but yours are much better
!,@,#,$,%,U,^,&,*,(,)
Tq so much for this easy wayğŸ”¥âœŒğŸ»
!,@,#,$,%,U,^,&,*,(,)
Thankyou mam. U explained very well.
!,@,#,$,%,U,^,&,*,(,)
Hindi mai bol
!,@,#,$,%,U,^,&,*,(,)
Thanks for the video ğŸ™‚
!,@,#,$,%,U,^,&,*,(,)
"Teacher Wapas Se Samjao Na Because Isme Pata Nahee Chal Raha Hei...

Skip Krne Mein Kuch Samaj Nahee Aa Raha Hei.."
!,@,#,$,%,U,^,&,*,(,)
Thank You Very Much Mam ğŸ™‚ğŸ™ŒğŸ»
!,@,#,$,%,U,^,&,*,(,)
Thank you mamâ¤
!,@,#,$,%,U,^,&,*,(,)
Thank you mam..â£ï¸.. i learn your video always.. most of all computer science subject.....ğŸ’ğŸ’ğŸ’ğŸ’ğŸ’
!,@,#,$,%,U,^,&,*,(,)
Its is very useful for my seminor mam.tq for share your this video...ğŸ‘ğŸ‘
!,@,#,$,%,U,^,&,*,(,)
Thanks annaya
!,@,#,$,%,U,^,&,*,(,)
Are u member of faceprep
!,@,#,$,%,U,^,&,*,(,)
Wrong explanation
!,@,#,$,%,U,^,&,*,(,)
Thank u mam
!,@,#,$,%,U,^,&,*,(,)
TQ mam for clear explanation
!,@,#,$,%,U,^,&,*,(,)
Tq uğŸ˜˜ğŸ˜˜ğŸ˜˜
!,@,#,$,%,U,^,&,*,(,)
Whare is the algorithm??
!,@,#,$,%,U,^,&,*,(,)
Nice explanation
!,@,#,$,%,U,^,&,*,(,)
"Thank u ,if I pass tomorrow data structures exm ,than the credits goes to u ma'am"
!,@,#,$,%,U,^,&,*,(,)
Tq so much mamğŸ‘
!,@,#,$,%,U,^,&,*,(,)
This is totally wrong how computer knows i put less then sign or equal to sign instead of greater then sign which you use in first attempt..they only works on greater then and less then on every half value
!,@,#,$,%,U,^,&,*,(,)
Mam without sorted elements given means.....?
!,@,#,$,%,U,^,&,*,(,)
"2:35 why mam you took 4 but not 5,should we consider the lesser one?"
!,@,#,$,%,U,^,&,*,(,)
I've watvher three video.. finallyyyy understoodâ¤ï¸â¤ï¸...
!,@,#,$,%,U,^,&,*,(,)
But first we need to sort the element . Binary search only works for sorted element .
!,@,#,$,%,U,^,&,*,(,)
Thank you. You made my day
!,@,#,$,%,U,^,&,*,(,)
Thank you mam
!,@,#,$,%,U,^,&,*,(,)
Such an amazing teacher tysm ğŸ’–
!,@,#,$,%,U,^,&,*,(,)
Very helpful lecture
!,@,#,$,%,U,^,&,*,(,)
Tomorrow my DS exam ğŸ˜‚
!,@,#,$,%,U,^,&,*,(,)
"Thank you, this is very helpful for me."
!,@,#,$,%,U,^,&,*,(,)
thank you
!,@,#,$,%,U,^,&,*,(,)
Within 9 hours Iam going to present this in my semester exam today
!,@,#,$,%,U,^,&,*,(,)
Thanks a lot for  this tutorial ğŸ’¯
!,@,#,$,%,U,^,&,*,(,)
Am from kenya napenda how u teach
!,@,#,$,%,U,^,&,*,(,)
Madam which language r u?
!,@,#,$,%,U,^,&,*,(,)
Clear explanation. Nice mam.
!,@,#,$,%,U,^,&,*,(,)
I need your help . Please reply me soon
!,@,#,$,%,U,^,&,*,(,)
Amazing explained by you ğŸ‘
!,@,#,$,%,U,^,&,*,(,)
"6:04 


2,5 or 7,5? Or 5,5?"
!,@,#,$,%,U,^,&,*,(,)
Thnks mam thnks very muchğŸŒ
!,@,#,$,%,U,^,&,*,(,)
Last min Bros like here
!,@,#,$,%,U,^,&,*,(,)
Thanks ma'am for making this video l  am the student of matric after 2 months l had exam. #hastag board paperğŸ‘©ğŸ‘©
!,@,#,$,%,U,^,&,*,(,)
"Thank you so much ma'am,for giving us a bestest explanation ğŸ‘â¤ï¸"
!,@,#,$,%,U,^,&,*,(,)
for that ur array must be sorted first
!,@,#,$,%,U,^,&,*,(,)
Thank u thank u thank u so much mam for ur priceless efforts for all v...!!!
!,@,#,$,%,U,^,&,*,(,)
Amazing explanation. Concise & easy to understand.
!,@,#,$,%,U,^,&,*,(,)
great work mam love from pakistan your method is best i found from all teachers again best work mam keep it up
!,@,#,$,%,U,^,&,*,(,)
Very helpful...tq
!,@,#,$,%,U,^,&,*,(,)
Thak you mam.great explanation
!,@,#,$,%,U,^,&,*,(,)
Nice
!,@,#,$,%,U,^,&,*,(,)
Thankyou so much madam... actually I read a lot books regarding this topic..but  I don't get it..after looking this video  I understood ...once again thank  u mam...
!,@,#,$,%,U,^,&,*,(,)
I was have exam this morning
!,@,#,$,%,U,^,&,*,(,)
100th commentğŸ˜
!,@,#,$,%,U,^,&,*,(,)
Thank you so much
!,@,#,$,%,U,^,&,*,(,)
Thanks
!,@,#,$,%,U,^,&,*,(,)
Madam super explanation...thank you mam
!,@,#,$,%,U,^,&,*,(,)
Thanks you for teaching this video ....very useful to me...thanks ğŸ˜˜
!,@,#,$,%,U,^,&,*,(,)
Really found a perfect explanation and I am so happy that I found a perfect tutorial
!,@,#,$,%,U,^,&,*,(,)
"ClickğŸ‘‡ğŸ»the link....

https://www.youtube.com/playlist?list=PLP8w8g5DwlMfK1n8o9MD_qVJPq1DlOdsG

Like, Share & Subscribe..
This is for Computer Science Students."
!,@,#,$,%,U,^,&,*,(,)
A lot of tnxx mam ..amazing explanation now i must subscribe  your chennel ..
!,@,#,$,%,U,^,&,*,(,)
Thanks mam you are great
!,@,#,$,%,U,^,&,*,(,)
this tutorial is great...better than those in which the teacher uses a computer!
!,@,#,$,%,U,^,&,*,(,)
What is the need of binary search ? Is binary search better than linear search ?
!,@,#,$,%,U,^,&,*,(,)
superb  mam  u have given clear explanation. ...thanks a lot understood very easily
!,@,#,$,%,U,^,&,*,(,)
Thanku you are too good ğŸ˜
!,@,#,$,%,U,^,&,*,(,)
Namude aloor ICSE chekkanmaar unda?ğŸ˜…
!,@,#,$,%,U,^,&,*,(,)
Thanks a lot you give Quality in your lesson Thanks a lot!
!,@,#,$,%,U,^,&,*,(,)
"Hello Education 4u,

Can you please add below Link in your video? In this link, Users can find the sample code for linear search, binary search and interpolation search.

LINK: https://droidtechknow.com/programming/algorithms/introduction-to-searching-algorithms/

I will be very thankful if you will add this to your video.
Thanks"
!,@,#,$,%,U,^,&,*,(,)
"Mam how to find the array of 6th element,  because the condition is high = mid -1 if mid >data"
!,@,#,$,%,U,^,&,*,(,)
Clear
!,@,#,$,%,U,^,&,*,(,)
ye sab to thick  hai  lekin  corona  se  kaise  bacche   ğŸ˜‚
!,@,#,$,%,U,^,&,*,(,)
i think the guy in the background is dying you should check up on him
!,@,#,$,%,U,^,&,*,(,)
Didi isme key value kya h
!,@,#,$,%,U,^,&,*,(,)
Thanks man
!,@,#,$,%,U,^,&,*,(,)
nice madam it will definitely help me
!,@,#,$,%,U,^,&,*,(,)
Mam please send a vedio about strassen's matrix multiplication
!,@,#,$,%,U,^,&,*,(,)
Thank you ma'am this is very helpful tomorrow is my computer science practical I think I will get 30 out of 30 ğŸ˜ğŸ¤£ğŸ¤£
!,@,#,$,%,U,^,&,*,(,)
Tqs mam
!,@,#,$,%,U,^,&,*,(,)
"best explanation for binary search madam, thank you"
!,@,#,$,%,U,^,&,*,(,)
Wow. Thank you so much
!,@,#,$,%,U,^,&,*,(,)
Ur voice is like Asha Bhonsle ğŸ˜•ğŸ˜•
!,@,#,$,%,U,^,&,*,(,)
very nice video lecture.
!,@,#,$,%,U,^,&,*,(,)
Superb teaching mem
!,@,#,$,%,U,^,&,*,(,)
Ã‡ok iyi ğŸ‘
!,@,#,$,%,U,^,&,*,(,)
Skid nhi skip hota hğŸ˜’
!,@,#,$,%,U,^,&,*,(,)
Fab
!,@,#,$,%,U,^,&,*,(,)
Good explanation. However I think we need to check everytime whether the key value is greater than or equal to mid value
!,@,#,$,%,U,^,&,*,(,)
Thanku ma'am for teaching Students  apne mera doubts clear krne me help kari ğŸ˜Š thanku so much ma'am
!,@,#,$,%,U,^,&,*,(,)
nice explain
!,@,#,$,%,U,^,&,*,(,)
Worst explanation! U just did ratta!!
!,@,#,$,%,U,^,&,*,(,)
Thank you so much video is really very helpful
!,@,#,$,%,U,^,&,*,(,)
Aap hindi language me bhi video banaye please
!,@,#,$,%,U,^,&,*,(,)
Thanks maim I am rohit singh
!,@,#,$,%,U,^,&,*,(,)
What to do if it is not found
!,@,#,$,%,U,^,&,*,(,)
Love from *K E R A L A* â¤
!,@,#,$,%,U,^,&,*,(,)
ğŸ‘ğŸ¤thank you mam
!,@,#,$,%,U,^,&,*,(,)
"Superb Explanation ma'am. 
 Thanks!!"
!,@,#,$,%,U,^,&,*,(,)
Superb...
!,@,#,$,%,U,^,&,*,(,)
"Ğ½Ğµ Ğ·Ğ½Ğ°Ñ ĞµĞµ ÑĞ·Ñ‹Ğº, Ğ½Ğ¾ Ğ²ÑĞµ Ñ€Ğ°Ğ²Ğ½Ğ¾ Ğ²ÑĞµ Ğ¿Ğ¾Ğ½ÑÑ‚Ğ½Ğ¾"
!,@,#,$,%,U,^,&,*,(,)
No words to describe u madam...such a awesome explainations....just I started teaching filed... u r videos r very useful to me madam ....thanq..u loads... so much... but I need linear search madam can u snd me a link. .
!,@,#,$,%,U,^,&,*,(,)
Pls Give me a link for linear search immediately
!,@,#,$,%,U,^,&,*,(,)
https://www.youtube.com/watch?v=SICY5NroY2M&t
!,@,#,$,%,U,^,&,*,(,)
Amazing ma'am thank you so much
!,@,#,$,%,U,^,&,*,(,)
Not applicable for unsorted Array?
!,@,#,$,%,U,^,&,*,(,)
lots of love from Pakistan madam thanks a lot
!,@,#,$,%,U,^,&,*,(,)
Thank u so much mam
!,@,#,$,%,U,^,&,*,(,)
Thanks mam
!,@,#,$,%,U,^,&,*,(,)
thank you madam
!,@,#,$,%,U,^,&,*,(,)
â¤â¤â¤â¤ğŸ˜ğŸ™Š
!,@,#,$,%,U,^,&,*,(,)
Your tutorial explanations are clean and nice thanks for sharing your knowledge to us.
!,@,#,$,%,U,^,&,*,(,)
Thanks a lot Mam .
!,@,#,$,%,U,^,&,*,(,)
nice explanation madam thank you
!,@,#,$,%,U,^,&,*,(,)
Thank you ma'am.
!,@,#,$,%,U,^,&,*,(,)
Is it correct if I write it this way in my exam?
!,@,#,$,%,U,^,&,*,(,)
thanku mam
!,@,#,$,%,U,^,&,*,(,)
Thank u mam...
!,@,#,$,%,U,^,&,*,(,)
"Thank you for your totorial ,tomorrow  i have exam data structure   ğŸ˜‚"
!,@,#,$,%,U,^,&,*,(,)
Tomorrow my exam thanks mam
!,@,#,$,%,U,^,&,*,(,)
Wow.. Spend almost a year wondering how to do it.. And now in just 6 min you taught me which no one could do in almost a year..
!,@,#,$,%,U,^,&,*,(,)
"6,3,7,4,1,8 send me this answer"
!,@,#,$,%,U,^,&,*,(,)
"I have read lot of books, I have spent a lot of time on internet looking for useful tutorials and only now I came to found your video. Amazing explanation I must say. Thanks for sharing your knowledge with the entire world. Greetings from Italy."
!,@,#,$,%,U,^,&,*,(,)
Nice
!,@,#,$,%,U,^,&,*,(,)
Excellent way of teaching....
!,@,#,$,%,U,^,&,*,(,)
Array start with index zero na... So A[4] is 0 1 2 3... Will it three index...
!,@,#,$,%,U,^,&,*,(,)
Best video
!,@,#,$,%,U,^,&,*,(,)
"For more details of binary search visit us on 
https://olevelprogramming.blogspot.com/2019/04/binary-search-c-program.html"
!,@,#,$,%,U,^,&,*,(,)
Excellent
!,@,#,$,%,U,^,&,*,(,)
Punjabi maa samjha do g
!,@,#,$,%,U,^,&,*,(,)
bht khooob
!,@,#,$,%,U,^,&,*,(,)
Mam wheere do you stay will you teach me c
!,@,#,$,%,U,^,&,*,(,)
Thank you my best god
!,@,#,$,%,U,^,&,*,(,)
Thanks my new teacherğŸ˜˜
!,@,#,$,%,U,^,&,*,(,)
thanks mam
!,@,#,$,%,U,^,&,*,(,)
thank you sooo mach
!,@,#,$,%,U,^,&,*,(,)
exellent way of teach..
!,@,#,$,%,U,^,&,*,(,)
Useful video
!,@,#,$,%,U,^,&,*,(,)
Thank you mam
!,@,#,$,%,U,^,&,*,(,)
Thank you so muchğŸ˜š
!,@,#,$,%,U,^,&,*,(,)
Nice video
!,@,#,$,%,U,^,&,*,(,)
CORRECTION:  Instead of writing while(l<r) we will write while(l<=r) in the code.
!,@,#,$,%,U,^,&,*,(,)
You are so good at explanation maâ€™am Thank you so much
!,@,#,$,%,U,^,&,*,(,)
Thank you!
!,@,#,$,%,U,^,&,*,(,)
"VERY GUD EXPLANATION MADAM ,WITH HIGH PATIENCE"
!,@,#,$,%,U,^,&,*,(,)
Nice mam your explanation
!,@,#,$,%,U,^,&,*,(,)
ğŸ˜Š
!,@,#,$,%,U,^,&,*,(,)
This video is GOATED
!,@,#,$,%,U,^,&,*,(,)
This is Amazing!!!!!!â¤â¤
!,@,#,$,%,U,^,&,*,(,)
She is so postive person
!,@,#,$,%,U,^,&,*,(,)
Nice teaching method.......... I am impress to look you and your teaching method.......
!,@,#,$,%,U,^,&,*,(,)
best explanation mamğŸ‘
!,@,#,$,%,U,^,&,*,(,)
Best explanation thanks ğŸ‘
!,@,#,$,%,U,^,&,*,(,)
6 hrs to my paper thank u i hope it comes and i can remember it
!,@,#,$,%,U,^,&,*,(,)
tnq so much to clear my concept mamm i love your approach and teaching
!,@,#,$,%,U,^,&,*,(,)
Mam it's very helpfulğŸ¥°ğŸ¥°
!,@,#,$,%,U,^,&,*,(,)
@JennyslecturesCSIT Try to hide yourself because whenever I see your  videos  I cannot focus on concepts rather than you...
!,@,#,$,%,U,^,&,*,(,)
too good
!,@,#,$,%,U,^,&,*,(,)
very impressive teachung
!,@,#,$,%,U,^,&,*,(,)
Dhanyawad aapka bahutğŸ¤­
!,@,#,$,%,U,^,&,*,(,)
but in this algorithm if data is less then mid what will happen
!,@,#,$,%,U,^,&,*,(,)
"if the array =[10,20,30,40,50] and mid = 30 which index is 2 ofcourse , can we search and get index of 20 or 10  because according to my code it returns -1.... CAN ANYONE PLS HELP ME TO RESOLVE THIS 

function BinarySearch(a,n,data){
  
  for(let i=0;i<a.length;i++)
    {
      mid=(i+a.length-1)/2
      if(data==a[mid])
      {
        return mid;
      } else if(data<a[mid])
      {
       let  r= mid-1;
      } else 
      {
       let  l= mid+1;
      }
    }
  return -1;
}



console.log(BinarySearch([10,20,30,40,50],5,20))"
!,@,#,$,%,U,^,&,*,(,)
Thank you so much ma'm your videos are really helped me...your concepts and teaching style is very unique its really very easy to understand....tysm
!,@,#,$,%,U,^,&,*,(,)
Thanks your method of explaining of concept is very understandable...
!,@,#,$,%,U,^,&,*,(,)
aree mem logic sab kuchh samjmei aata hei coding 1-2 din ke bad bhul jate hei uska kya kre ??
!,@,#,$,%,U,^,&,*,(,)
Plaease Skip 7:50 to 12:37 because some editing issues to repeating that part.
!,@,#,$,%,U,^,&,*,(,)
Thank You Ma'am ğŸ™ğŸ™ğŸ™
!,@,#,$,%,U,^,&,*,(,)
Mam I want binary search recursion
!,@,#,$,%,U,^,&,*,(,)
"would you please create a course for c#?
i think you are the only person who i can learn it from"
!,@,#,$,%,U,^,&,*,(,)
"plz write one program where,we have to perforn sorting method before binary search"
!,@,#,$,%,U,^,&,*,(,)
no intro no sponsor directly on point chad girl
!,@,#,$,%,U,^,&,*,(,)
mid = low + ((high-low)/2) ;
!,@,#,$,%,U,^,&,*,(,)
"Thankyou ,thankyou, thankyou so much mam . I am very ğŸ¤©ğŸ¤©ğŸ¤©excited thankyou mam"
!,@,#,$,%,U,^,&,*,(,)
"I really understand your lectures, thanks so much and give us more"
!,@,#,$,%,U,^,&,*,(,)
You are the best mam
!,@,#,$,%,U,^,&,*,(,)
Any tcarts students come and register your name and batch ğŸ™‹ğŸ»â€â™‚ï¸ğŸŒš
!,@,#,$,%,U,^,&,*,(,)
hello
!,@,#,$,%,U,^,&,*,(,)
ğŸ‘
!,@,#,$,%,U,^,&,*,(,)
Thanks mam
!,@,#,$,%,U,^,&,*,(,)
A point of correction. The while condition should be while(l<=r){//statements}
!,@,#,$,%,U,^,&,*,(,)
"A very comprehensive tutorial, thanks  ma!"
!,@,#,$,%,U,^,&,*,(,)
better than professor. thanks!
!,@,#,$,%,U,^,&,*,(,)
Mam â¤ï¸ everytime u clear the concept ğŸ˜Š
!,@,#,$,%,U,^,&,*,(,)
so that o(n) is better than o(log n). Is it right mam?
!,@,#,$,%,U,^,&,*,(,)
Mam what is the the print statement for dynamical input?
!,@,#,$,%,U,^,&,*,(,)
Mam in shirtğŸ¤©ğŸ¤©ğŸ˜¬
!,@,#,$,%,U,^,&,*,(,)
One of the best tutorial  I got in youtube ...thanks a lot mam for your effort... best of luck for further success.ğŸ¤ğŸ¤
!,@,#,$,%,U,^,&,*,(,)
"Ooooh, you are so great!

I don't find better words to describe you!

Thaaaaaanks aloooooot"
!,@,#,$,%,U,^,&,*,(,)
"Mam, please try to make a video with full details about Time & space complexity.."
!,@,#,$,%,U,^,&,*,(,)
"I am working professional and i can say that this video is one of the best. 
Thanks Jenny Ma'am"
!,@,#,$,%,U,^,&,*,(,)
Jenny's figured out my homework. I love you.
!,@,#,$,%,U,^,&,*,(,)
"Your teaching style is a piece of cake. Thanks a million. 
Watching from Ethiopia."
!,@,#,$,%,U,^,&,*,(,)
Good create condition to see your eyeğŸ˜‘
!,@,#,$,%,U,^,&,*,(,)
Thank you
!,@,#,$,%,U,^,&,*,(,)
"i = 1
While i < =10000000 :
      Print ("" Jenny Madam , Please make more Python oriented DSA videos "")
       i = i + 1

Print ("" Jenny madam is great"")"
!,@,#,$,%,U,^,&,*,(,)
Madam pl make more videos on python related DSAs
!,@,#,$,%,U,^,&,*,(,)
can you do video on fibonacci seach also.
!,@,#,$,%,U,^,&,*,(,)
Ty mam
!,@,#,$,%,U,^,&,*,(,)
hi
!,@,#,$,%,U,^,&,*,(,)
Madam your doing excellent service to students . Thank you madam
!,@,#,$,%,U,^,&,*,(,)
Madam yout
!,@,#,$,%,U,^,&,*,(,)
Thank you mam
!,@,#,$,%,U,^,&,*,(,)
Who needs paid courses when we have such a wonderful teacher teaching for free.
!,@,#,$,%,U,^,&,*,(,)
Good information
!,@,#,$,%,U,^,&,*,(,)
500 comment
!,@,#,$,%,U,^,&,*,(,)
How many class 10 icse students here? âœ‹
!,@,#,$,%,U,^,&,*,(,)
maam youre amazing ğŸ˜­
!,@,#,$,%,U,^,&,*,(,)
"ma'am you are very pretty , I couldn't focus on BST algo ğŸ¥²"
!,@,#,$,%,U,^,&,*,(,)
mam plz provide the  code of binary search and merge sort I'm facing error when I'm writing a code I'm  unable to detect the error plz help.
!,@,#,$,%,U,^,&,*,(,)
I have one dought o(log2) less than o(1)
!,@,#,$,%,U,^,&,*,(,)
Thanks you
!,@,#,$,%,U,^,&,*,(,)
"Jenny is the world one and only best teacher ğŸ¥°ğŸ¥°ğŸ¥°
To guide the all studentsğŸ¥ºğŸ¥ºğŸ¥º
I am big fan Jenny sisterğŸ˜˜ğŸ˜˜ğŸ˜˜"
!,@,#,$,%,U,^,&,*,(,)
after 7:25 the same video clip is repeated so forward and see guys :)
!,@,#,$,%,U,^,&,*,(,)
"The properties needed to apply binary search is that -
1. The input array must contain sorted elements.
2. Elements of the input array shouldn't have repeated elements."
!,@,#,$,%,U,^,&,*,(,)
These videos help me day by day
!,@,#,$,%,U,^,&,*,(,)
ğŸ–¤ğŸ”¥
!,@,#,$,%,U,^,&,*,(,)
isn't it be (while l<= r) ?
!,@,#,$,%,U,^,&,*,(,)
Thanks mam
!,@,#,$,%,U,^,&,*,(,)
Awesome explanation. Just speechless.
!,@,#,$,%,U,^,&,*,(,)
what we will do if l=r in given code explained by you.
!,@,#,$,%,U,^,&,*,(,)
Excellent explanation madam
!,@,#,$,%,U,^,&,*,(,)
à¤¬à¤¹à¥à¤¤ à¤…à¤šà¥à¤›à¤¾
!,@,#,$,%,U,^,&,*,(,)
sir binary search ka flowchart ka video dal dijiye na
!,@,#,$,%,U,^,&,*,(,)
Thank u sir bohot bohot
!,@,#,$,%,U,^,&,*,(,)
Sir aaki bhoot slow bolte ho mujhe 1.75speed pe krke sunna pdta hai TBB.normal voice aati hai
!,@,#,$,%,U,^,&,*,(,)
Thank you so much sir.
!,@,#,$,%,U,^,&,*,(,)
Plz different between array and pointer par video banoğŸ™ğŸ™ğŸ™ğŸ™ğŸ™ğŸ™ğŸ™ğŸ™ğŸ™ğŸ¿ğŸ™ğŸ¾ğŸ™ğŸ¾ğŸ™ğŸ¼ğŸ™ğŸ¼
!,@,#,$,%,U,^,&,*,(,)
Sir this algorithm is not work in descending order data ??
!,@,#,$,%,U,^,&,*,(,)
thanks sir ğŸ™‚ğŸ™‚ğŸ™‚ğŸ™‚ğŸ™‚
!,@,#,$,%,U,^,&,*,(,)
Thank you so much â¤ï¸
!,@,#,$,%,U,^,&,*,(,)
"Bhaiya aap
 f 
Kyu liye hai
Yeh samjh nhi aaya"
!,@,#,$,%,U,^,&,*,(,)
Please give ease example
!,@,#,$,%,U,^,&,*,(,)
binary search basic batate to aur acha se samjh me ata
!,@,#,$,%,U,^,&,*,(,)
hello sir'
!,@,#,$,%,U,^,&,*,(,)
Sir aaj hamara paper hai
!,@,#,$,%,U,^,&,*,(,)
Excellent
!,@,#,$,%,U,^,&,*,(,)
Happy teachers day sirâ¤ï¸â¤ï¸â¤ï¸.... You're the bestest....
!,@,#,$,%,U,^,&,*,(,)
"POV -- ""Tommorrow Is Your Exam"""
!,@,#,$,%,U,^,&,*,(,)
Sir descending order mein answer nahi araha hai
!,@,#,$,%,U,^,&,*,(,)
yes sir please upload dsa in java whole
!,@,#,$,%,U,^,&,*,(,)
Binary search to sirf ascending order mai hota hai n
!,@,#,$,%,U,^,&,*,(,)
hard work lead to success
!,@,#,$,%,U,^,&,*,(,)
Great sir
!,@,#,$,%,U,^,&,*,(,)
"Sir es question k liyah
10 integer number given in questions to Build Binary Tree & Remove the number from Tree and Build Again
kon see video dekhon ?"
!,@,#,$,%,U,^,&,*,(,)
"sir mera program run nhi ho rha h ye same code...
sir plz help me"
!,@,#,$,%,U,^,&,*,(,)
Very easy sir
!,@,#,$,%,U,^,&,*,(,)
Sir apke chainel ne bahot help ki muze all clear apke video ke baja se thank you so.much sir....ğŸ™ğŸ™ğŸ™ğŸ™ğŸ™ğŸ™ğŸ™ğŸ™ğŸ™ğŸ™ğŸ™ğŸ™
!,@,#,$,%,U,^,&,*,(,)
Thank you sir so much ğŸ™ â˜º
!,@,#,$,%,U,^,&,*,(,)
â™¥â™¥
!,@,#,$,%,U,^,&,*,(,)
Sb thk h pr wo machhar ğŸ˜‚ğŸ˜‚ğŸ˜‚ğŸ˜‚
!,@,#,$,%,U,^,&,*,(,)
sir plz upload data structure notes on telegram plz
!,@,#,$,%,U,^,&,*,(,)
Thanks
!,@,#,$,%,U,^,&,*,(,)
Abe saale padate padate kho jta hai kya
!,@,#,$,%,U,^,&,*,(,)
ThankyouğŸ”¥
!,@,#,$,%,U,^,&,*,(,)
The teaching quality is awesome
!,@,#,$,%,U,^,&,*,(,)
"Thank you so much sir
HelpfulğŸ’–"
!,@,#,$,%,U,^,&,*,(,)
Nice
!,@,#,$,%,U,^,&,*,(,)
"Really helpful Sir, Thank you great teaching quality"
!,@,#,$,%,U,^,&,*,(,)
"Sir app paise kaleya nahi app hamara leya karta ha Your are great sir 
Salute to our sir ğŸ˜ƒğŸ˜ƒğŸ˜ƒ ğŸ™ğŸ™ğŸ™"
!,@,#,$,%,U,^,&,*,(,)
thank you sir ji  really much
!,@,#,$,%,U,^,&,*,(,)
Sir VLAN  Kea uper  aek video  benaeiya  plz
!,@,#,$,%,U,^,&,*,(,)
It was very helpful sir ji
!,@,#,$,%,U,^,&,*,(,)
Please upload a lecture on duplicate element found in array...?
!,@,#,$,%,U,^,&,*,(,)
decrease-and-conquer algorithm and not divide-and-conquer.
!,@,#,$,%,U,^,&,*,(,)
Thanks
!,@,#,$,%,U,^,&,*,(,)
Bhaiya  c++ ki tarah iske full course ka notes bhi description me daal do plzz ğŸ™ğŸ™ğŸ™
!,@,#,$,%,U,^,&,*,(,)
Niceâ™¥ï¸ğŸ™‚
!,@,#,$,%,U,^,&,*,(,)
Thnk ezi way learning
!,@,#,$,%,U,^,&,*,(,)
Sir hum while ke jagah dusra konsa loop le sakte hai kya jaise ki for loop
!,@,#,$,%,U,^,&,*,(,)
Sir you teach it very very very well and easy way. I understand it very fastğŸ˜Š
!,@,#,$,%,U,^,&,*,(,)
Sir  merko samjh me nhi aya
!,@,#,$,%,U,^,&,*,(,)
Tqq so much sir explanation sup sir
!,@,#,$,%,U,^,&,*,(,)
Kaash college m aap jaisa teacher hota ...koi n mujhe to aapka channel se bhut help milta h or jisko share krta hu wo v bolta h ki Sach m concept ekdm clear ho jaata h .....thnx a million â¤ğŸ˜Š
!,@,#,$,%,U,^,&,*,(,)
Super hai sir mujhe recursion ka topic chahiye data structure me
!,@,#,$,%,U,^,&,*,(,)
"maloom nai kyu pr yeh code sorf 30 tk hi sahi chl rha ha........40,50 daalne pr location 5 hi dikha rha ha....dono baari......"
!,@,#,$,%,U,^,&,*,(,)
"Really helpful Sir, Thank you great teaching quality"
!,@,#,$,%,U,^,&,*,(,)
Sir arrow mark lift or right sir
!,@,#,$,%,U,^,&,*,(,)
your explanation was awesome I just loved it. Thank you
!,@,#,$,%,U,^,&,*,(,)
Why lower = middle + 1 ... sir kindly describe this... ğŸ™
!,@,#,$,%,U,^,&,*,(,)
"Hi sir
Thora doubt he plz clear kijie 
Step 5 me app 0<=4 Jo lie he, oo to 0<=5 na hoga kuki elements 5 he aur app element4 likhe he ..."
!,@,#,$,%,U,^,&,*,(,)
Sir bubble sort ka program b bta do
!,@,#,$,%,U,^,&,*,(,)
"bhai pagal ho kya
koi itna atcha kaise padha sakta hai"
!,@,#,$,%,U,^,&,*,(,)
"Sir,      Programm run kise karne h"
!,@,#,$,%,U,^,&,*,(,)
Sir data structure ke subject ke sabhi topic par vedio upload karo
!,@,#,$,%,U,^,&,*,(,)
"very nice explanation sir. 
sir but my program is not working properly. so please can you check it and ask me the in mistake in it plz...
#include <stdio.h>

int main() {
    // Write C code here
int a[5]={1,2,3,4,5},item,lr=0,up=4,mid,flag=0;
   
   printf(""binary search:\n"");
   printf(""searching element is:"");
   scanf(""%d"",&item);
   while(lr<=up)
   {
       mid= (lr+up)/2;
       if(a[mid]==item){
           flag==1;
           break;
       }
   if(a[mid]<item)
           lr=mid+1;
       else
           up=mid-1;
   }
   
           if(flag==1)
           printf(""element found and its location is %d"",mid);
               else
                   printf(""not found"");
   getch();
}"
!,@,#,$,%,U,^,&,*,(,)
"Thank you sir,that was very helpful"
!,@,#,$,%,U,^,&,*,(,)
Easy program and easy steps thank you sir
!,@,#,$,%,U,^,&,*,(,)
Lecture in english also sir please ğŸ™
!,@,#,$,%,U,^,&,*,(,)
world best teacher ğŸ¥°
!,@,#,$,%,U,^,&,*,(,)
"Thanks a bunch sir 
Please upload whole syllabus of Data structure make a playlist for us please sir. ğŸ™ğŸ™ 
I really understand all the things whatever you said in the video again thank u for this ğŸ‘."
!,@,#,$,%,U,^,&,*,(,)
Algorithm of binary search? And flow chart
!,@,#,$,%,U,^,&,*,(,)
So easy ..thanx sirğŸ˜Š
!,@,#,$,%,U,^,&,*,(,)
"Sir ek vedio banao jisme data, insert delete, serch in data structures 

Banao plez"
!,@,#,$,%,U,^,&,*,(,)
Excellent sir
!,@,#,$,%,U,^,&,*,(,)
"Sir,,aap linked list pe vdo upload kigea n..plss sir ğŸ™"
!,@,#,$,%,U,^,&,*,(,)
Thanks sir...
!,@,#,$,%,U,^,&,*,(,)
Divide and Conquer technique. Sounds like Joe Bidens Adinistration
!,@,#,$,%,U,^,&,*,(,)
One of the best explanations ever
!,@,#,$,%,U,^,&,*,(,)
"I know that my ex will always come here because she is studying algo now. I just wanna say, I miss you and I love you to the moon and back. I really do. Keep it up with your studies ok? â¤"
!,@,#,$,%,U,^,&,*,(,)
Sir i have one thing to say instead of initializing mid as( low+high) /2 we should write mid=low+(high-low) /2 to prevent overflow
!,@,#,$,%,U,^,&,*,(,)
"thank you so much sir. i had not understand this concept .your explanation has made this concept easy.
now it is easy for me"
!,@,#,$,%,U,^,&,*,(,)
This guy right here is a fooking legend.
!,@,#,$,%,U,^,&,*,(,)
Sir it is not clearly visible
!,@,#,$,%,U,^,&,*,(,)
He is the gem ğŸ’
!,@,#,$,%,U,^,&,*,(,)
He is Bramha Of algorithms.
!,@,#,$,%,U,^,&,*,(,)
I think in second step it will start from 8+15 not 9+15
!,@,#,$,%,U,^,&,*,(,)
Array index starts from 0
!,@,#,$,%,U,^,&,*,(,)
"What if array contains even elements? Suppose 16 total
Low=1 and high=16
Mid=(1+16)/2 =8.5
Should we take mid has int so that it becomes int mid=8?
Is that correct?"
!,@,#,$,%,U,^,&,*,(,)
very easy to understand sir keep shining
!,@,#,$,%,U,^,&,*,(,)
"May Allah reward you for this explanation
May God bless you and make it in the balance of your good deeds"
!,@,#,$,%,U,^,&,*,(,)
"Hey, please make new videos it will help us for our stydy life"
!,@,#,$,%,U,^,&,*,(,)
Sir why have you added 1 to 15 at  16:48 when the number of elements are 15 only?
!,@,#,$,%,U,^,&,*,(,)
"A gem , I was tired of watching multiple videos but understood from Bari sir . Thanks a lot sir"
!,@,#,$,%,U,^,&,*,(,)
How can u get a key value from the group of elements
!,@,#,$,%,U,^,&,*,(,)
Jazakallah Khair
!,@,#,$,%,U,^,&,*,(,)
Good example you took sir
!,@,#,$,%,U,^,&,*,(,)
Most gifted instructor I have ever seen on online  videos like this.  Thank you very much your explanations.
!,@,#,$,%,U,^,&,*,(,)
God âš¡âš¡âš¡âš¡
!,@,#,$,%,U,^,&,*,(,)
"thank you so much they way you understand algo 
it was outstanding"
!,@,#,$,%,U,^,&,*,(,)
Sir array must starts from zero
!,@,#,$,%,U,^,&,*,(,)
press 0 (zero key) to hear gun shots.
!,@,#,$,%,U,^,&,*,(,)
"Sir youâ€™re best teacher ever 
Ma Shaa Allah"
!,@,#,$,%,U,^,&,*,(,)
"Amazing, i am beginner and i have completely understood all the concept easily"
!,@,#,$,%,U,^,&,*,(,)
"your surname in armenian means kind , thank you for your videos"
!,@,#,$,%,U,^,&,*,(,)
Thank you Mr Abdul - all of your videos are priceless!  you're a legend. Thank you for helping to improve
!,@,#,$,%,U,^,&,*,(,)
Respect ğŸ”¥
!,@,#,$,%,U,^,&,*,(,)
The best teacher in the world!
!,@,#,$,%,U,^,&,*,(,)
Thank You
!,@,#,$,%,U,^,&,*,(,)
"Sir Your explanation is very clearly, I have one doubt  in list index starts with 0 but you take it as  1"
!,@,#,$,%,U,^,&,*,(,)
Great job
!,@,#,$,%,U,^,&,*,(,)
Agar mjhe 30 Lakhs k upper ka Package mila tou m aapko duniya m kahi bhi dhood nikalunga ar aapse milne aaoonga. Promise
!,@,#,$,%,U,^,&,*,(,)
Sir Aapko Chumma Dene ka Karta h ek video m hi kai baar. M apni aukaat badhane k liye acchi companies ki preparation kar rha hu. Now its seems possible.
!,@,#,$,%,U,^,&,*,(,)
thanks dad
!,@,#,$,%,U,^,&,*,(,)
"Thank you , I appreciate your help so much"
!,@,#,$,%,U,^,&,*,(,)
"If we also check low and high index for key along with mid [(just like we check if arr[mid]==key)], we will do less iteration and time complexity will be improved too.....

if(arr[low]==key || arr[high]==key || arr[mid]==key) -->  return/low/mid/high;"
!,@,#,$,%,U,^,&,*,(,)
Thank you â¤
!,@,#,$,%,U,^,&,*,(,)
"the audio gets badly distorted so don't worry just wait till 5:30 and the it comes clearer ! 
thank you abdul sir, you have been a great help to the pandemic kids like us !"
!,@,#,$,%,U,^,&,*,(,)
å¤ªç‰›äº†Thank you very much
!,@,#,$,%,U,^,&,*,(,)
"sir, you're doing an amazing job...."
!,@,#,$,%,U,^,&,*,(,)
"I understand 15 is the amount of nodes, and log2 n. Why 15+1? why +1?"
!,@,#,$,%,U,^,&,*,(,)
"after 5:30 min  video sound will be clear go ahed ğŸ‘

and thank you so much sir for this video you are great ."
!,@,#,$,%,U,^,&,*,(,)
"You are absolutely gem â¤ï¸. Perfect teaching any student can understand i was struggling with this ,and in just 20 min i got it. Thankyou and God bless you"
!,@,#,$,%,U,^,&,*,(,)
what if there are even number of elements present in the list ?  then how to calculate mid ?
!,@,#,$,%,U,^,&,*,(,)
"we are following you as an excellent instructor thank you, sir, we are so much grateful"
!,@,#,$,%,U,^,&,*,(,)
"For your information Abdul sir also have DSA course in Udemy & the price is just 350-500 INR ($4).

JUST GO and buy that course he will make your career"
!,@,#,$,%,U,^,&,*,(,)
Thank you sir for this video
!,@,#,$,%,U,^,&,*,(,)
"If the mid value is in fraction , what to do ?"
!,@,#,$,%,U,^,&,*,(,)
I completed my engineering but never got this precise and enlightening knowledge and details. Thankyou very much.Going to watch the whole playlist
!,@,#,$,%,U,^,&,*,(,)
"@Abdul Bari, why you are not starting array with index 0? why you are starting with start index of array with '1' ? is that how binary search algorithm works>?"
!,@,#,$,%,U,^,&,*,(,)
zia said ur sick
!,@,#,$,%,U,^,&,*,(,)
"sir use  "" if i were instead of if i was"""
!,@,#,$,%,U,^,&,*,(,)
The audio gets better after 5:25
!,@,#,$,%,U,^,&,*,(,)
Amazing teacher!
!,@,#,$,%,U,^,&,*,(,)
Your explanations are brilliant! Greetings from Russia
!,@,#,$,%,U,^,&,*,(,)
Thanku sir
!,@,#,$,%,U,^,&,*,(,)
Tanku very much sir ğŸ™
!,@,#,$,%,U,^,&,*,(,)
ğŸ˜‡
!,@,#,$,%,U,^,&,*,(,)
sir when you are searching for key 30 why we have move low point actually need to move the high point
!,@,#,$,%,U,^,&,*,(,)
Really good  ğŸ‘ thanks so match
!,@,#,$,%,U,^,&,*,(,)
This guy is a genius. THE GOAT
!,@,#,$,%,U,^,&,*,(,)
I regret paying thousands of rupees to my college faculty. Abdul sir's explanation is always on point! <3
!,@,#,$,%,U,^,&,*,(,)
In GeeksForGeeks the indexing has started from 0...can someone please confirm?
!,@,#,$,%,U,^,&,*,(,)
Thank you so much for this clear explanation!
!,@,#,$,%,U,^,&,*,(,)
"So good! Much more understandable than the video of self-claimed ""competitive programmers"" out there!"
!,@,#,$,%,U,^,&,*,(,)
So far the best video on this topic I have ever watched he makes it looks simple and easy to comprehend. Thumbs up Sir
!,@,#,$,%,U,^,&,*,(,)
It was fab
!,@,#,$,%,U,^,&,*,(,)
"ignoring my university lecture (bcz they just read ) bcz i know Abdul Sir would make me understand in a better way !!!!!!!. 
Thanks a lot sir. You are just awesome."
!,@,#,$,%,U,^,&,*,(,)
indexing in the array stats from 0 right ?
!,@,#,$,%,U,^,&,*,(,)
"Nice, Good Explanation"
!,@,#,$,%,U,^,&,*,(,)
so simple with you
!,@,#,$,%,U,^,&,*,(,)
"I've seen some kind of problems that the solution is to do a binary search on the answer, can someone pls explain me that

I can't find any video about it."
!,@,#,$,%,U,^,&,*,(,)
"Thanks alot Sir, your explanations always meet my expectation. 
I'm amazed on how you make things look so easy. ğŸ‘ğŸ‘"
!,@,#,$,%,U,^,&,*,(,)
to avoid audio issue use 1.25X thanks me later
!,@,#,$,%,U,^,&,*,(,)
Great explanation thanks a lot
!,@,#,$,%,U,^,&,*,(,)
"Very well explained, thank you so much"
!,@,#,$,%,U,^,&,*,(,)
the simplicity and thoroughness of your explanations are beautiful. thank you sir.
!,@,#,$,%,U,^,&,*,(,)
"Guys, there is a new Join Button! 
Here's the link: https://www.youtube.com/c/AnujBhaiya/join

I'm glad to receive all your love and support ğŸ˜ I've decided to launch a new community group. All the members(called Coding Enthusiast ğŸ˜) will have exclusive access to our new Community posts, Priority replies on YouTube and Custom badges next to their names in the comments section.

Anyone who wants to support can Join ğŸ¤— 

Even if you decide not to join, that's okay too. Thanks again ğŸ™Œ"
!,@,#,$,%,U,^,&,*,(,)
Thx
!,@,#,$,%,U,^,&,*,(,)
Nice ğŸ‘
!,@,#,$,%,U,^,&,*,(,)
provide good quality content
!,@,#,$,%,U,^,&,*,(,)
"in some cases it better to use 
mid = l + ( h - l )/2
rather than 
mid = ( l + h )/2"
!,@,#,$,%,U,^,&,*,(,)
"if we will sort the array with Arrays. sort then it's time complexity is nlog(n)  and also time complexity of binary search is log(n) . So, it is only for already sorted arrays"
!,@,#,$,%,U,^,&,*,(,)
"Binary search ( int a[ ] , int key )
{
Int low = 0 , high = a length -1 ,
While (low < =  high){
Int mid = (low +high)/2;
If (a[mid]==key)
{
Return mid ;
}
Else if (key > a [mid])
{
Low = mid +1;
}
Else 
{
High mid -1
}
}
Return -1
}"
!,@,#,$,%,U,^,&,*,(,)
code not working
!,@,#,$,%,U,^,&,*,(,)
"bhai @6:40 not 4th element ,it is a 3th element"
!,@,#,$,%,U,^,&,*,(,)
"0:00 Iterative Method
10:26 Recursive Method"
!,@,#,$,%,U,^,&,*,(,)
thats why i follow your plalist.....i like your style on the end of the video....baabay.....
!,@,#,$,%,U,^,&,*,(,)
best video on youtube on binary search.thanks a lot anuj bhaiya
!,@,#,$,%,U,^,&,*,(,)
Thank u so much bahiya for this series...
!,@,#,$,%,U,^,&,*,(,)
Sir Agar 11 search karna hota tho tho us case like if key > a[mid] tho mid +1 ki jagha per mid +3 karte kya kyuki 11 mid ke baad 3rd position per hai ya tabhi v mid +1 hi karte?
!,@,#,$,%,U,^,&,*,(,)
"Bro, Good job, you are doing best."
!,@,#,$,%,U,^,&,*,(,)
Play the video 0.75 speed to get better experience.
!,@,#,$,%,U,^,&,*,(,)
Thanks Sirji. Nice explanation.
!,@,#,$,%,U,^,&,*,(,)
"// Searching an array using binary search;
// Binary search is use for sorted array
int binary()
{
Â  Â  int arr[] = {12, 14, 15, 18, 28, 29, 34, 39, 45};
Â  Â  int len = sizeof(arr) / sizeof(arr[0]);
Â  Â  int key = 34;
Â  Â  int s = 0;
Â  Â  int n = len;
Â  Â  while (s <= n)
Â  Â  {
Â  Â  Â  Â  int mid = (s + n) / 2;
Â  Â  Â  Â  if (arr[mid] > key)
Â  Â  Â  Â  {
Â  Â  Â  Â  Â  Â  return mid;
Â  Â  Â  Â  }
Â  Â  Â  Â  else if (arr[mid] > key)
Â  Â  Â  Â  {
Â  Â  Â  Â  Â  Â  n = mid - 1;
Â  Â  Â  Â  }
Â  Â  Â  Â  else
Â  Â  Â  Â  {
Â  Â  Â  Â  Â  Â  s = mid + 1;
Â  Â  Â  Â  }
Â  Â  }
Â  Â  return -1;
}"
!,@,#,$,%,U,^,&,*,(,)
We use this logic unknowingly while revising the notes....ğŸ˜‚ğŸ˜‚
!,@,#,$,%,U,^,&,*,(,)
"(0+5)/2=2  
how?"
!,@,#,$,%,U,^,&,*,(,)
Great teacher....â™¥ï¸â™¥ï¸
!,@,#,$,%,U,^,&,*,(,)
Very easy method
!,@,#,$,%,U,^,&,*,(,)
thank you so much bhaya
!,@,#,$,%,U,^,&,*,(,)
Please make the video on fibonacii search
!,@,#,$,%,U,^,&,*,(,)
Nice ğŸ‘ğŸ‘ğŸ‘ğŸ‘ğŸ˜Š
!,@,#,$,%,U,^,&,*,(,)
"Bohot badhiya bhai, thanks."
!,@,#,$,%,U,^,&,*,(,)
what if array is not sorted??
!,@,#,$,%,U,^,&,*,(,)
"sir agr isme agr hum kuch chige add kr de jaise ki 
1.if ( a[low]<=key<=a[high] )
kuki hm testcase m jada value kr de toh apne ap hi exit hoje
2.mid k sath sath high and low ko bhi compare krde key se toh optimze better hoga?
 BEST COURSE FOR DSA <3"
!,@,#,$,%,U,^,&,*,(,)
Bhaiya java+DSA course kara do
!,@,#,$,%,U,^,&,*,(,)
bhaiya your videos are extremely helpful as in my colledge they explain dsa in english only and you explained it in hindi so well. really thanks from bottome of my heart
!,@,#,$,%,U,^,&,*,(,)
thankyou for making this playlist i have learned dsa better from this playlist than from my college professors
!,@,#,$,%,U,^,&,*,(,)
"I did RECURSIVE IMPLEMENTATION by myself:
Here is the CODE:
.
int binarysearch_recursive(int a[], int key, int l, int h)
{
    
    if(l<=h)
    {
        int mid = (l+h)/2;

        if(a[mid] == key)
        return mid;

        else if(a[mid] < key) 
        return binarysearch_recursive(a,key,mid + 1, h);

        else
        return binarysearch_recursive(a,key,l,mid - 1); 
    }

    return -1;


}"
!,@,#,$,%,U,^,&,*,(,)
thanks for the concept sir....its really helpfull for me...
!,@,#,$,%,U,^,&,*,(,)
You deserve a million subscribers ğŸ‘ğŸ‘ğŸ‘ğŸ‘ğŸ‘ğŸ‘ğŸ‘ğŸ¤‘ğŸ¤‘
!,@,#,$,%,U,^,&,*,(,)
bhaiya u have unique ability  of teaching
!,@,#,$,%,U,^,&,*,(,)
bhaiya your channel is soo underrated you are providing us such quality content for free your channel will reach 1M subscribers soon you are god for many students who want to learn coding ğŸ˜
!,@,#,$,%,U,^,&,*,(,)
Agar koi array sorted nhi h....lekin hm usko pehle sort krk binary search lga skte h na??
!,@,#,$,%,U,^,&,*,(,)
you make me more confused. please run the program on software.
!,@,#,$,%,U,^,&,*,(,)
watched many video on binary search explained using various tools such as animation but couldn't comprehend. And Anuj bhaiya explained it by just using a marker and a white board. Not only the binary search concept is well understood  by me because of you but also the other concept such as kadane's aglorithm is taught so well by you. thank you!!!
!,@,#,$,%,U,^,&,*,(,)
Bhaiya ye video kaunse phone se shoot ki Aapne.. please tell. And thank you for the lecture ğŸ™‚
!,@,#,$,%,U,^,&,*,(,)
"bhai thora sa slow bola kr =D
#DSAOne"
!,@,#,$,%,U,^,&,*,(,)
Bhaiya low =5 high=5 hoga then -1 return ho jayega na.?? In recursive call.....low<=high hoga
!,@,#,$,%,U,^,&,*,(,)
great video ...thanks alot for this.
!,@,#,$,%,U,^,&,*,(,)
this course is EPIC
!,@,#,$,%,U,^,&,*,(,)
Awesome
!,@,#,$,%,U,^,&,*,(,)
Thanks for the video!
!,@,#,$,%,U,^,&,*,(,)
"Bhayia , How we calculate average case analysis ?"
!,@,#,$,%,U,^,&,*,(,)
hopes he complete this course....ğŸ˜ŠğŸ¤
!,@,#,$,%,U,^,&,*,(,)
Good
!,@,#,$,%,U,^,&,*,(,)
"complete  Road map of ba ( bechlors of arts ) student to select on big product base company for sde on like amazon , microsoft , etc ğŸ¤·â€â™‚ï¸ğŸ¤·â€â™‚ï¸ğŸ¤·â€â™‚ï¸ğŸ¤·â€â™‚ï¸ğŸ¤·â€â™‚ï¸ğŸ¤·â€â™‚ï¸ğŸ¤”ğŸ¤”ğŸ¤”"
!,@,#,$,%,U,^,&,*,(,)
bhaiya really you are killing it instead of having initial knowledge of coding  i can understand it very well
!,@,#,$,%,U,^,&,*,(,)
"Bhayia can we see  stack  elements during debugging for clear understanding,   to know How recursive stack works"
!,@,#,$,%,U,^,&,*,(,)
"Brother if you want to buy a Laptop for Coding/Programming stuffs then which laptop you would like to buy 
Note : budget is around 60k"
!,@,#,$,%,U,^,&,*,(,)
First time I release binary search is easyğŸ˜€
!,@,#,$,%,U,^,&,*,(,)
Awesome video sirğŸ‘ŒğŸ‘ŒğŸ‘ŒğŸ‘ŒğŸ‘ŒğŸ‘ŒğŸ‘Œ
!,@,#,$,%,U,^,&,*,(,)
Thank you bhaiya â™¥ï¸
!,@,#,$,%,U,^,&,*,(,)
"please make videos on advanced data structure ..........  ye simple DS pr to bohot sara kuch h so please aap Segment tree , fenwik tree jaise topics samjhao"
!,@,#,$,%,U,^,&,*,(,)
https://youtu.be/kXeKo5cgtJ4
!,@,#,$,%,U,^,&,*,(,)
Bhayya I have a doubt like when we learn a framework and do some projects on that and afterwards learn more frameworks I almost forget the syntax I used in previous frameworks I just remember the work flow now so  am I  doing wrong or it's ok to just remember the work flow from the frameworks...
!,@,#,$,%,U,^,&,*,(,)
"Thanks bro, keep bringing the awesome content, dp par bhi lao thora sa ğŸ˜€ğŸ‘"
!,@,#,$,%,U,^,&,*,(,)
Thanks Bhiya u r great ğŸ™
!,@,#,$,%,U,^,&,*,(,)
Bhaiya telegram group ki link open nahi ho rhi
!,@,#,$,%,U,^,&,*,(,)
DSA sabhi computer launguge ke liye same hota hei kya
!,@,#,$,%,U,^,&,*,(,)
"Today only at midnight I was watching your class 12th python day 6 recursion binary search video and making notes, once again thank you Bhaiya. 
while 1>0:
    print(""<3000"")"
!,@,#,$,%,U,^,&,*,(,)
This course is the  best in all over the YouTube â£ï¸
!,@,#,$,%,U,^,&,*,(,)
I want to know data structures as you know so if possible can you share the resources ... Where did u studied all? And also I never understood graph until I saw your video on YouTube bro.
!,@,#,$,%,U,^,&,*,(,)
bhaiya dsa ke liye koi achi book prefer kijiye na plzz
!,@,#,$,%,U,^,&,*,(,)
Please make video on Memory management in c or c++
!,@,#,$,%,U,^,&,*,(,)
Bhaiya please explain ASLR
!,@,#,$,%,U,^,&,*,(,)
Bhaiya aap he Kai wajah sai toh mai coding sikh paya hoon
!,@,#,$,%,U,^,&,*,(,)
bhaiya Rock's gulabi dill for u brother â¤ï¸ğŸ’”
!,@,#,$,%,U,^,&,*,(,)
Thanku bhaiya â¤ï¸
!,@,#,$,%,U,^,&,*,(,)
Bhaiya please make a video on space complexity
!,@,#,$,%,U,^,&,*,(,)
"bhaiya please add your previous videos ,topics: greedy,DP,etc"
!,@,#,$,%,U,^,&,*,(,)
Bhaiya quss. V bta diya kro practice k liye
!,@,#,$,%,U,^,&,*,(,)
"Tysm bhai for your hard work ğŸ’stay safe, stay healthy!"
!,@,#,$,%,U,^,&,*,(,)
Bhaiya plzz video regularly upload kr diya kro
!,@,#,$,%,U,^,&,*,(,)
"Hey, I am not able to setup sublime text for CP. Can someone help me out pleaseğŸ™"
!,@,#,$,%,U,^,&,*,(,)
Ooo bhaiya aa gyeâ¤ï¸
!,@,#,$,%,U,^,&,*,(,)
Hii..
!,@,#,$,%,U,^,&,*,(,)
Please give the Notes
!,@,#,$,%,U,^,&,*,(,)
agr humny return -1 ki jaga print krwana ho not found linear search mein To wo kesy hoga plz tell urgent
!,@,#,$,%,U,^,&,*,(,)
Didi notes upload kar dijiye
!,@,#,$,%,U,^,&,*,(,)
It's been a 2 years and notes are still not uploaded.
!,@,#,$,%,U,^,&,*,(,)
notes of this video???????????????????????????????????????
!,@,#,$,%,U,^,&,*,(,)
good teacher
!,@,#,$,%,U,^,&,*,(,)
what about notes??
!,@,#,$,%,U,^,&,*,(,)
agar linear ka koi b question ajai to yai he code likh sakhtey hein??
!,@,#,$,%,U,^,&,*,(,)
"You forgot to mention one thing though while linear search can be used on unsorted data,binary search can only be used on sorted data"
!,@,#,$,%,U,^,&,*,(,)
Notes kab upload honge
!,@,#,$,%,U,^,&,*,(,)
Who is she??
!,@,#,$,%,U,^,&,*,(,)
Shouldn't the end be n-1 instead of just n in the function?
!,@,#,$,%,U,^,&,*,(,)
Please Share Notes Of This Video So That We Can Learn More In An Sophisticated Way....! Thanks
!,@,#,$,%,U,^,&,*,(,)
In Binary Search what about time complexity for Sorting an array(We have to sort the array for it).
!,@,#,$,%,U,^,&,*,(,)
NOTES??
!,@,#,$,%,U,^,&,*,(,)
ENGLISH!!
!,@,#,$,%,U,^,&,*,(,)
binary search me n-1 nahi hoga kya end ke liye
!,@,#,$,%,U,^,&,*,(,)
Notes
!,@,#,$,%,U,^,&,*,(,)
Why my linear search code is not working when declaring array of size n?? Plz help me
!,@,#,$,%,U,^,&,*,(,)
"8:54
e = n-1;
hona chahiye
nehi to index out of bound ho jayega"
!,@,#,$,%,U,^,&,*,(,)
"0:47 linear search 
3:28 binary  concept
8:00 binary code"
!,@,#,$,%,U,^,&,*,(,)
"Actually It is throwing error when declaring array, that expression must be constant. btw the code is same as said in the video.
somebody know it?"
!,@,#,$,%,U,^,&,*,(,)
0:49
!,@,#,$,%,U,^,&,*,(,)
what if array is not sorted?
!,@,#,$,%,U,^,&,*,(,)
Binary search sikhany ky liye CS 50 tutor book ko phaar deta hy each year
!,@,#,$,%,U,^,&,*,(,)
Nothing is permanent except nehağŸ¤£ğŸ˜…
!,@,#,$,%,U,^,&,*,(,)
notes upload krdo pls
!,@,#,$,%,U,^,&,*,(,)
best explanation
!,@,#,$,%,U,^,&,*,(,)
"In the binary search there is a small bug which through an error when the search is greater than the numbber. Ex- 1,2,3,4 if we search 5 it returns 5. After thinking a long time i found that the array size we take as a input is 10 but  array counting starts from 0 so we need to initialize our end to e = n-1. This sloves this bug in my case."
!,@,#,$,%,U,^,&,*,(,)
when will you upload the notes . plz upload it
!,@,#,$,%,U,^,&,*,(,)
"Time complexity of binary search is O(log(base2)N)
and for linear search is O(N)"
!,@,#,$,%,U,^,&,*,(,)
which IDE are you using ?
!,@,#,$,%,U,^,&,*,(,)
please upload notes aman bhaiyya . nicee vidoooo !!!!!!!!!!!!!!!!!!!!!!!
!,@,#,$,%,U,^,&,*,(,)
"#include<iostream>
using namespace std;

int linearSearch(int arr[],int n,int key)
{
    for(int i = 0;i<n;i++)
    {
        if(arr[i]==key)
            return i;
    }
    return -1;
}
int main()
{
    int n;
    cin>>n;

    int arr[n];

    for(int i =0;i<n;i++)
    {
        cin>>arr[n];
    }

    int key;
    cin>>key;

    cout<<linearSearch(arr,n,key);

    return 0;
}
mam I wrote the code same as you but output is coming  -1, How?"
!,@,#,$,%,U,^,&,*,(,)
"Nice video, very well explained and animated. ğŸ˜ğŸ˜. Can anyone please explain why 'e = n' is used and not  (e = n-1)? Or both are fine ? 8:55"
!,@,#,$,%,U,^,&,*,(,)
2:06 return -1 ? Means
!,@,#,$,%,U,^,&,*,(,)
"Maam is end e= n Or n-1 ?
ğŸ™‚"
!,@,#,$,%,U,^,&,*,(,)
Ma'am ki awaz se pyaar ho gya <3
!,@,#,$,%,U,^,&,*,(,)
"but what if the order is not in ascending order, binary search??"
!,@,#,$,%,U,^,&,*,(,)
notes plz
!,@,#,$,%,U,^,&,*,(,)
wish the lectures were in English :(
!,@,#,$,%,U,^,&,*,(,)
initially e ki value n-1 nhi honi chahie?
!,@,#,$,%,U,^,&,*,(,)
Binary search Time Complexity= O(logn)....?
!,@,#,$,%,U,^,&,*,(,)
"ğŸ™Thank you ğŸ™
ğŸ’›à²§à²¨à³à²¯à²µà²¾à²¦à²—à²³à³ğŸ’›
â¤à²°à³‡à²µà²£à²¸à²¿à²¦à³à²¦ à²à²¨à³ à²•à²°à²¿à²—à³Œà²¡à²°à³â¤
Revanasidda N Karigoudar"
!,@,#,$,%,U,^,&,*,(,)
after k iterations length of array is n/2^(k-1).......plzz recheck  time complexity of a binary search
!,@,#,$,%,U,^,&,*,(,)
"#include<iostream>
using namespace std;
int main(){
    int num;
    int i;
    cout<<""enter number:"";
    cin>>num;
    int arr[num];
    for( i=0; i<num; i++){
        cin>>arr[i];
    }
    int key; 
    cout<<""enter your key:""<<endl;
    cin>>key;
    int flag = 0;
    for( i=0; i<num; i++){
        if(arr[i]==key)
        
          flag = 1;
    }
    if(flag == 1){
        cout<<""your key at index no = ""<<"" ""<<i<<endl<<endl;
    }
    else{
        cout<<""key is not in array""<<endl;
    }













    return 0; 
}"
!,@,#,$,%,U,^,&,*,(,)
"ki aj hi khatam karna hai pura syllabus â˜¹ï¸ thoda smjha samjha ka padya na 
College mai vi eisa padata hai or yeh vu dise padata hai ğŸ˜‘kahase samjhe patahi  nahi chalta hai"
!,@,#,$,%,U,^,&,*,(,)
NOTES â“ğŸ˜
!,@,#,$,%,U,^,&,*,(,)
"isn't after k iteration , the length should be n/2(k-1) ?"
!,@,#,$,%,U,^,&,*,(,)
"is my code correct for binary search of a declared array;

#include <iostream>
using namespace std;
int main() {
  
int s=0,key=7,e=4,n=5,mid;
int a[5]={2,3,4,6,7};
mid=n/2;
for(int i=0;i<n;i++)
{
    
    if(key<a[mid])
    {
        s=0;
        e=mid;
    }
    if(key>a[mid])
    {
        s=mid;
        e=n;
    }
    
    }

for(int j=s;j<e;j++)
    {
        if(a[j]==key)
        {
            cout<<j;
            break;
        }
}
return 0;
}


output
4"
!,@,#,$,%,U,^,&,*,(,)
After k iterations won't the length of array will be n/2^k-1...?
!,@,#,$,%,U,^,&,*,(,)
what if the array is of odd num size? like something 9 how could we divide and find the  mid
!,@,#,$,%,U,^,&,*,(,)
Ye log bss advertising krte rhte hai notes gyee tel lene taki video vapis se dekhe reach badhe full Buisness Minded Sikho inse Sahi phuddu katna
!,@,#,$,%,U,^,&,*,(,)
"I have a Doubt, 11:51 , Binary Search Part. After 1st Iteration the length of array would be n/2, not n.  and  hence, time complexity would become 1 step lesser, i.e, (Log N base 2) - 1"
!,@,#,$,%,U,^,&,*,(,)
"I just wanted to know that Why do we have to write ""search(arr, n, key)"" when we are calling it in main fuction?
And not o0ny cout<<search?"
!,@,#,$,%,U,^,&,*,(,)
"NOTESSSSğŸ˜‘?

UPLOAD NOTES ........... IT HAS BEEN OVER A YEAR NOWWWWWğŸ˜‘ğŸ˜‘ğŸ˜‘ğŸ˜‘"
!,@,#,$,%,U,^,&,*,(,)
mam u r great
!,@,#,$,%,U,^,&,*,(,)
Why the end = n
!,@,#,$,%,U,^,&,*,(,)
code is not workingâ˜¹â˜¹â˜¹
!,@,#,$,%,U,^,&,*,(,)
"0:49 linear search 
3:30 binary  concept
8:00 binary code"
!,@,#,$,%,U,^,&,*,(,)
can anyone explain me how if the key is not present in array return -1 as if key must not be  present it could be smaller and larger from mid and hence give an value for e=s
!,@,#,$,%,U,^,&,*,(,)
"Binary search will give segmentation fault
Because e is assigned n"
!,@,#,$,%,U,^,&,*,(,)
the code for binary search is giving only 2 as the output
!,@,#,$,%,U,^,&,*,(,)
didi  neha nahi mili ğŸ¥ºğŸ¤£ğŸ¤£
!,@,#,$,%,U,^,&,*,(,)
sir please upload the notes ğŸ¥²
!,@,#,$,%,U,^,&,*,(,)
"#include<iostream>
#include<bits/stdc++.h>
using namespace std;
int binarySearch(int arr[],int n,int key)
{
   sort(arr,arr+n);

   int s=0;
   int e=n;

   while (s<=e)
   {
        int mid = ( s + e ) / 2;

        if(arr[mid] == key)
            return mid;
        else if(arr[mid] >= key)
            e = mid - 1;
        else
            s = mid + 1;
   }
   

    return -1;
}

int main()
{
    int n;
    cin>>n;
    int arr[n];
    for(int i=0;i<n;i++)
        cin>>arr[i];
    
    int key;
    cin>>key;

    cout<<binarySearch(arr,n,key);
    return 0;
}"
!,@,#,$,%,U,^,&,*,(,)
Else me s=s+1; karna enhe s=mid+1 Kara which give wrong output .
!,@,#,$,%,U,^,&,*,(,)
Can anyone tell me how the index come?
!,@,#,$,%,U,^,&,*,(,)
Aman Bhaiya please upload the notes of this video
!,@,#,$,%,U,^,&,*,(,)
"A little mistake in binary Search there should be an extra else if

Else if(s==e){
Return n}"
!,@,#,$,%,U,^,&,*,(,)
"// mam isme agar number present na ho tab bhi index output aa raha hai....

#include <iostream>
using namespace std;
int binarysearch(int arr[],int n,int key){
int start=0,end=n;
    while(start<=end){
    int mid = (start+end)/2;
    if(arr[mid]==key)
    {
    return mid;
    }
    else if(arr[mid]>key)   /// 4>3
    {
        end = mid-1;
    }
    else if(arr[mid]<key)
    {
        start = mid+1;
    }
    }
    return -1;
}
    int main()
{
    int n,key;
    cout<<""enetr the size of array :\n""<<endl;
    cin>>n;
    int arr[n];
    cout<<""enter the numbers\n"";
      for(int i = 0; i<=n; i++)
      {
      cin>>arr[i];
      }
      //int key;
      cout<<""enter the key to search\n"";
      cin>>key;
      cout<<"" "";
      cout<<""the index is\n"";
      cout<<binarysearch(arr,n,key)<<endl;
      return 0;
}"
!,@,#,$,%,U,^,&,*,(,)
Aap kitna fast type karti hai samjh me kuch nhi aata isiliye ğŸ¤¦ğŸ»ğŸ¤¦ğŸ»
!,@,#,$,%,U,^,&,*,(,)
This code will not run for all test cases. If you search for the last element of the array it will return -1.
!,@,#,$,%,U,^,&,*,(,)
"check this code for
Testcase1: array = [-1] and key = 2
Testcase2: array = [2,5] and key = 5
Do share your outputs.."
!,@,#,$,%,U,^,&,*,(,)
why the title is english and she speaks indian
!,@,#,$,%,U,^,&,*,(,)
Notes?
!,@,#,$,%,U,^,&,*,(,)
0:45
!,@,#,$,%,U,^,&,*,(,)
Shouldn't it be s=0 and e=n-1 in the binary Search function ?
!,@,#,$,%,U,^,&,*,(,)
Neha ğŸ¤£
!,@,#,$,%,U,^,&,*,(,)
Thankx
!,@,#,$,%,U,^,&,*,(,)
1:08 you misspelled search
!,@,#,$,%,U,^,&,*,(,)
"In JavaScript, the recursive function will generally be more expensive than linear approach. This is because function calls are more expensive. TCO is not widely implemented,"
!,@,#,$,%,U,^,&,*,(,)
"I miss these Fireship videos. Don't get me wrong, your humor in The Code Report is excellent, but some good ol' programin vids would be refreshing.


Cheers and thanks again for great content!"
!,@,#,$,%,U,^,&,*,(,)
0:30 the dictionary is on the word lusty. nice.
!,@,#,$,%,U,^,&,*,(,)
good ol seacrh
!,@,#,$,%,U,^,&,*,(,)
Half Spliting is the term when troubleshooting.
!,@,#,$,%,U,^,&,*,(,)
Great video
!,@,#,$,%,U,^,&,*,(,)
yess for more videos
!,@,#,$,%,U,^,&,*,(,)
AKA dichotomic  search
!,@,#,$,%,U,^,&,*,(,)
Shouldn't it be less than (<)  at 1:12 not the greater than symbol? and that's not how you spell search lol
!,@,#,$,%,U,^,&,*,(,)
"1:20
Just a quick note here, It follows the Decrease & Conquer Approach (Decrease By Factor) not the divide & C
since we solve the main problem directly by solving the sub problem."
!,@,#,$,%,U,^,&,*,(,)
Cover algorithms
!,@,#,$,%,U,^,&,*,(,)
Moar algorithms!
!,@,#,$,%,U,^,&,*,(,)
I would like more videos about algorithms on this channel
!,@,#,$,%,U,^,&,*,(,)
"More algorithm videos, please."
!,@,#,$,%,U,^,&,*,(,)
yes to algos
!,@,#,$,%,U,^,&,*,(,)
"Classic
This is a question in my C program class"
!,@,#,$,%,U,^,&,*,(,)
moar pleeeesss
!,@,#,$,%,U,^,&,*,(,)
I have my Finals and tomorrow is the computer science exam...this is precisely what I was looking for!
!,@,#,$,%,U,^,&,*,(,)
What took my intro to data structures/algorithms professor weeks to each you succinctly explained it in less than 3 minutes. I appreciate your work a lot!
!,@,#,$,%,U,^,&,*,(,)
I have Q : What is start & end arguments in the function ?
!,@,#,$,%,U,^,&,*,(,)
Please make more videos on DSA.
!,@,#,$,%,U,^,&,*,(,)
Please make an entire series for algorithms and data structures
!,@,#,$,%,U,^,&,*,(,)
"Oh my god, this dictionary example really made everything clear. Thanks mate."
!,@,#,$,%,U,^,&,*,(,)
This is only if the data structure is in alphabetical order right?
!,@,#,$,%,U,^,&,*,(,)
"Good explaination, also the exampel with the dictionary, but you forgot to mention that this works with ordered data"
!,@,#,$,%,U,^,&,*,(,)
"Awesome, real magic !++"
!,@,#,$,%,U,^,&,*,(,)
Informative video ....
!,@,#,$,%,U,^,&,*,(,)
would like a series on algorithms
!,@,#,$,%,U,^,&,*,(,)
Today I just found out that greater-sign can be used not only numeric but string as well.
!,@,#,$,%,U,^,&,*,(,)
imagine using toy language in technical interview lol
!,@,#,$,%,U,^,&,*,(,)
"2 min, and now I know binary search"
!,@,#,$,%,U,^,&,*,(,)
1:13 seacrh typo
!,@,#,$,%,U,^,&,*,(,)
I was told to like and leave a comment if I want to see more algorithm vedios
!,@,#,$,%,U,^,&,*,(,)
MOAR!!!
!,@,#,$,%,U,^,&,*,(,)
what if the element to be found is not inside the array?
!,@,#,$,%,U,^,&,*,(,)
Do for all in jsğŸ‘ğŸ»
!,@,#,$,%,U,^,&,*,(,)
The word search is wrong
!,@,#,$,%,U,^,&,*,(,)
I think you'd be brilliant at explaining algorithms
!,@,#,$,%,U,^,&,*,(,)
Go man
!,@,#,$,%,U,^,&,*,(,)
Please keep these videos coming.
!,@,#,$,%,U,^,&,*,(,)
"Does someone, recommend a good book about that?"
!,@,#,$,%,U,^,&,*,(,)
Very nice and helpful do more of these 100 second DSA videos
!,@,#,$,%,U,^,&,*,(,)
seacrh
!,@,#,$,%,U,^,&,*,(,)
"Array: [1, 2, 3, 4, 5, 6, 7, 8, 9, 10]

Value to find: 3

My solution:
arr.indexOf(valueToFind)"
!,@,#,$,%,U,^,&,*,(,)
"Appreciate the code you put out. I will definitely come back if I need to implement something similar. But, I'll use while loop, if I can avoid recursion, since I'm paranoid the array to search would be indefinitely long, and recursion would blow the memory."
!,@,#,$,%,U,^,&,*,(,)
"The ones who really want it, press pause at 1:35 and do it yourself!!! You will learn more!"
!,@,#,$,%,U,^,&,*,(,)
Please do more videos like this (short algorithm videos)
!,@,#,$,%,U,^,&,*,(,)
Good one
!,@,#,$,%,U,^,&,*,(,)
"what they don't tell you in interviews is that you don't usually implement your own binary search algorithm, someone did it for you and better"
!,@,#,$,%,U,^,&,*,(,)
Please cover more algorithms these are super fun.
!,@,#,$,%,U,^,&,*,(,)
"did i miss ""sorted array"" or he didn't mention it?"
!,@,#,$,%,U,^,&,*,(,)
"""Moar"" algorithms, please!"
!,@,#,$,%,U,^,&,*,(,)
Hi! :D
!,@,#,$,%,U,^,&,*,(,)
"It took a while to master Linux. The pain, the distrohopping, the obsessive Arch customizing , I 'member it all. Now, after 7 Years since first contact, I can say, I'm a changed man. Linux is love. Linux is life. 
I might be forced to use a Windows machine without admin privileges at work, but my personal computers will always run on Linux.."
!,@,#,$,%,U,^,&,*,(,)
GIV MOAR
!,@,#,$,%,U,^,&,*,(,)
Amazon Leetcode prep in 100 seconds please.
!,@,#,$,%,U,^,&,*,(,)
"Your method of teaching both in the ""to the point"" time constraint and the visuals have really helped me better understand what a lengthy memorization-centric course fails to do."
!,@,#,$,%,U,^,&,*,(,)
1:20 Correction. Binary search is not a â€˜Divide and Conquerâ€™ algorithm. It is rather a â€˜Prune and Searchâ€™ algorithm. Another example of it is Blumâ€™s selection algorithm.
!,@,#,$,%,U,^,&,*,(,)
the way about starting the search in the middle is a trick for Illusionniste to find a card while cuting the pack without taking anytime to search
!,@,#,$,%,U,^,&,*,(,)
algorithms!
!,@,#,$,%,U,^,&,*,(,)
Love seeing DSA applied to real life examples
!,@,#,$,%,U,^,&,*,(,)
"""either way is acceptable"" - Don't use recursion, you'll use more memory and can hit max stack depth in large lists"
!,@,#,$,%,U,^,&,*,(,)
Lol I implemented this in python before knowing this had a name
!,@,#,$,%,U,^,&,*,(,)
"I used this one to make rooms in a game, but with vector and using the viewport, pretty fun"
!,@,#,$,%,U,^,&,*,(,)
That is really awesome . please cover all algos and data structures topics .
!,@,#,$,%,U,^,&,*,(,)
1:27 Recursive func best exampleğŸ˜‚
!,@,#,$,%,U,^,&,*,(,)
"More algorithms, please! ğŸ™ğŸ”¥"
!,@,#,$,%,U,^,&,*,(,)
Please upload algorithm video
!,@,#,$,%,U,^,&,*,(,)
"please, please cover algoritmes like you did in this video, where you also show the code implementation of it."
!,@,#,$,%,U,^,&,*,(,)
"Thanks Man, you taught me  how to implement binary search to find matching values for  rot13 cipher"
!,@,#,$,%,U,^,&,*,(,)
"1:08, seacrh"
!,@,#,$,%,U,^,&,*,(,)
"0/10
Title: 100 seconds
Video run time: 139 seconds.

EDIT: Algorithm shown in JS.
-5/10 for fooling students into thinking JS code is real code"
!,@,#,$,%,U,^,&,*,(,)
binary? you got to be kidding me!!! triggered!!!!
!,@,#,$,%,U,^,&,*,(,)
"Hi Mr. Fireship, I have a question. Why do you have Consolas font on when you have written Fira Code in the description?

PS: This video helped me a lot!"
!,@,#,$,%,U,^,&,*,(,)
shouldn't the array be sorted?!
!,@,#,$,%,U,^,&,*,(,)
What happens if your list is not sorted?
!,@,#,$,%,U,^,&,*,(,)
"Yes, Interested to learn more about algorithms."
!,@,#,$,%,U,^,&,*,(,)
"Lmao I literally needed exactly this right now, love you"
!,@,#,$,%,U,^,&,*,(,)
"Yes, please more videos like this. And thank you for all your work!"
!,@,#,$,%,U,^,&,*,(,)
"If possible please share this course and notes with your friends! 
Notes and code have been uploaded on the site: https://codewithharry.com/videos/data-structures-and-algorithms-in-hindi-12
Instagram: Instagram.com/CodeWithHarry"
!,@,#,$,%,U,^,&,*,(,)
really nice example
!,@,#,$,%,U,^,&,*,(,)
examples are ğŸ‘Œ
!,@,#,$,%,U,^,&,*,(,)
book wala example binary search ke liye is spot on.
!,@,#,$,%,U,^,&,*,(,)
Bhai bhot badiya examples g
!,@,#,$,%,U,^,&,*,(,)
Example is superb ğŸ˜ŠğŸ˜Š
!,@,#,$,%,U,^,&,*,(,)
amazing examples :)
!,@,#,$,%,U,^,&,*,(,)
Which software you use in c coding
!,@,#,$,%,U,^,&,*,(,)
in line 16 why do we use high = size - 1 instead of high = size?
!,@,#,$,%,U,^,&,*,(,)
SuperbğŸ˜
!,@,#,$,%,U,^,&,*,(,)
Best examples sirğŸ‘ğŸ‘
!,@,#,$,%,U,^,&,*,(,)
"5:18
bhai apke example bhot acche hai easy hai aur bhot hi zyada topic ke relatated
hai"
!,@,#,$,%,U,^,&,*,(,)
crazy examplesğŸ¤©
!,@,#,$,%,U,^,&,*,(,)
sir your examples make easy-to-understand complex concepts
!,@,#,$,%,U,^,&,*,(,)
"C:/Program Files/mingw-w64/x86_64-8.1.0-posix-seh-rt_v6-rev0/mingw64/bin/../lib/gcc/x86_64-w64-mingw32/8.1.0/../../../../x86_64-w64-mingw32/bin/ld.exe: cannot open output file BinarySearch.exe: Permission denied

I AM GETTING THIS ERROR!!!!
unable to solve pls helpğŸ¥ºğŸ¥º"
!,@,#,$,%,U,^,&,*,(,)
Your examples are best examples ever and it helps to understand the concept easy
!,@,#,$,%,U,^,&,*,(,)
Best examples sir
!,@,#,$,%,U,^,&,*,(,)
I've been opening books wrong my entire life xD
!,@,#,$,%,U,^,&,*,(,)
Ooh I found gem ğŸ’
!,@,#,$,%,U,^,&,*,(,)
"I have a doubt:(ANYONE)
In binary search example:-
It is also possible that our required element is at arr[first] or arr[last] --> should we not check them first in order to find required element fast...??"
!,@,#,$,%,U,^,&,*,(,)
Example smjane ka taarika bhoot acha rheta hai bhiaya thnq you @codewithHarry
!,@,#,$,%,U,^,&,*,(,)
fibonacci bhi bata deta bhai
!,@,#,$,%,U,^,&,*,(,)
It would be better if you've dry run the code.
!,@,#,$,%,U,^,&,*,(,)
please dry  run the code also.
!,@,#,$,%,U,^,&,*,(,)
Why do we return -1 only? And not any other value?
!,@,#,$,%,U,^,&,*,(,)
What a nice video
!,@,#,$,%,U,^,&,*,(,)
thank u bhai
!,@,#,$,%,U,^,&,*,(,)
sir example ke sath
!,@,#,$,%,U,^,&,*,(,)
SUPERB EXPLANATION AND EXAMPLES ARE ALSO SUPERB EASY TO UNDERSTAND ğŸ‘ğŸ’–
!,@,#,$,%,U,^,&,*,(,)
Very good examples
!,@,#,$,%,U,^,&,*,(,)
32 hours of hardwork
!,@,#,$,%,U,^,&,*,(,)
"Suppose an XYZ university has conducted a test and a total of 100 students have participated in that test. After the test is conducted, the university decided to show the performance (marks) of the students on its system web portal in an order such that highest marks student will be displayed at the top while followed by the second highest marks student and so on up to the lowest mark student.

Now suppose the university has hired you as a C++ programmer and has assigned you the task to write a computer program which does the finding/searching based on marks in the stored data. The university has limited resources and wants to find the speed up process for searching. Which searching algorithm (Linear or Binary) will be the most suitable to use in your program for the above task?"
!,@,#,$,%,U,^,&,*,(,)
Your best sir i like your teaching style
!,@,#,$,%,U,^,&,*,(,)
bahut accha laga example binary search wala
!,@,#,$,%,U,^,&,*,(,)
"I am speechless sir , may we can learn and gain knowledge by your hardwork âœ¨"
!,@,#,$,%,U,^,&,*,(,)
Salute Brotha!
!,@,#,$,%,U,^,&,*,(,)
5:25 harry bhai aapke examples bahut ache hote hai please continue them
!,@,#,$,%,U,^,&,*,(,)
Examples kai sath bohat achi samjh ati hai plzzz continue in the future  ğŸ˜‡
!,@,#,$,%,U,^,&,*,(,)
Notes kha se milega sir
!,@,#,$,%,U,^,&,*,(,)
"No words...
Just wow...â¤ï¸â¤ï¸"
!,@,#,$,%,U,^,&,*,(,)
Very nice without example we can't understand
!,@,#,$,%,U,^,&,*,(,)
â¤ï¸
!,@,#,$,%,U,^,&,*,(,)
How array will know high or low index but we did not give the array
!,@,#,$,%,U,^,&,*,(,)
"my scanf is not working in vs code please help me 
your videos are just superb."
!,@,#,$,%,U,^,&,*,(,)
nice video
!,@,#,$,%,U,^,&,*,(,)
Thanks sir
!,@,#,$,%,U,^,&,*,(,)
Good examples ğŸ™Œ
!,@,#,$,%,U,^,&,*,(,)
your examples are always up to the point and it helps us to easily understand the concept
!,@,#,$,%,U,^,&,*,(,)
"5:16  bhai example bohot bhadiya hai aapke , plz example dena mat rokna bhai pls"
!,@,#,$,%,U,^,&,*,(,)
Harry bhai notes download nahi ho pa rahi hai application error bata raha hai.
!,@,#,$,%,U,^,&,*,(,)
32:19 answer binary hoga sorted array mai search ke liye
!,@,#,$,%,U,^,&,*,(,)
examples are so good
!,@,#,$,%,U,^,&,*,(,)
9:44 mujhe laga hi tha shayad binary mai mid waala method use kroge
!,@,#,$,%,U,^,&,*,(,)
5:19 ek dam best examples hote hai aapke like topic ki definition se 1 percent na clear hua hoga lekin fir aapke example se poora clear ho jaata hai fir vo topic
!,@,#,$,%,U,^,&,*,(,)
bhai mere college mai aake padhana shuru kr do fir saare top maarna shuru krdenge aapke subject mai
!,@,#,$,%,U,^,&,*,(,)
"Love you bro from BANGLADESH...

C++ Code for LINEAR SEARCH
#include<iostream>
using namespace std;

/*LINEAR SEARCH*/

int linearsearch(int arr[], int size, int element)
{
    for (int i = 0; i < size; i++)
    {
        if(arr[i] == element)
        {
             return i ;
        }
    }
    return -1;
}


int main()
{
//    Unsorted Array for LINEAR SEARCH

    int arr[] = {1,3,5,56,4,3,23,8,6,58,34,75};
    int size = sizeof(arr)/sizeof(int);
    int element = 6;
    int searchindex = linearsearch(arr , size , element);
    cout<<""The element ""<<element<<"" was found at Index: ""<<searchindex<<endl;

    return 0;
}

C++ Code for BINARY  SEARCH
#include<iostream>
using namespace std;

/*BINARY SEARCH*/

int binarysearch(int arr[], int size, int element)
{
    int low, mid, high ;
    low = 0;
    high = size-1 ;

    /*Keep SEARCHING until (low<=high)*/
while(low <= high)
{
    mid = ((low+high)/2);
    if(arr[mid] == element)
    {
        return mid;
    }
    if(arr[mid] < element)
    {
        low = mid+1;
    }
    else
    {
        high = mid-1 ;
    }
}
    /*End SEARCHING*/
return -1;
}


int main()
{
//    Sorted Array for BINARY SEARCH

    int arr[] = {1,3,4,5,6,8,23,34,58,75};
    int size = sizeof(arr)/sizeof(int);
    int element = 8;
    int searchindex = binarysearch(arr , size , element);
    cout<<""The element ""<<element<<"" was found at Index: ""<<searchindex<<endl;

    return 0;
}"
!,@,#,$,%,U,^,&,*,(,)
example is real good specially binary search
!,@,#,$,%,U,^,&,*,(,)
Or ha is linear search ke code ko run kese kra diya apne isme *i* ko to define kiya bhi nh h fir bhi run kra diya chutiya smze ho kya hme
!,@,#,$,%,U,^,&,*,(,)
"Chutiya bna rhe ho yrrrr tm.. 2 pese ka nh pdate ho bhai ap.. bs apni apni bolte rhte ho ...

Mene apki bhut video download ki thi ki course mil gya DSA ka to pd lunga lekin jb pdna suru kiya to pta chla h kitna glt hua jo mene apna faltu m net waste kiya"
!,@,#,$,%,U,^,&,*,(,)
Thanks
!,@,#,$,%,U,^,&,*,(,)
examples are great
!,@,#,$,%,U,^,&,*,(,)
"-----Class for Array Doing the taught functions------


#include <iostream>
using namespace std;

class Array
{
    int totalsize;
    int usedsize;
public:
    int *position = NULL;
    Array(int,int);
    void insert(int, int);
    void remove(int);
    void show();
    int getUsedSize(){return usedsize;}
    int getTotalSize(){return totalsize;}
    int linearSearch(int);
    int binarySearch(int);
    void bubbleSort();
};
Array::Array(int totalsize,int usedsize)
{
    this->totalsize = totalsize;
    this->usedsize = usedsize;
    position = new int[totalsize];
}
void Array::show()
{
    for (int i = 0; i < usedsize; i++)
    {
        cout << position[i] << "" "";
    }
}
void Array::insert(int num, int pos)
{
    if (!(usedsize < totalsize))
    {
        cout << ""array overflow"";
        exit(0);
    }
    usedsize++;
    for (int i = usedsize; i > pos; i--)
    {
        position[i] = position[i - 1];
    }
    position[pos] = num;
}
void Array::remove(int pos)
{
    usedsize--;
    for (int i = pos; i < usedsize; i++)
    {
        position[i] = position[i+1];
    }
}
int Array::linearSearch(int num)
{
    for (int i = 0; i < usedsize; i++)
    {
        if (position[i] == num)
        {
            return i;
        }
    }
    return -1;
}
int Array::binarySearch(int num)
{
    int low=0,high=usedsize-1;
    if (num == position[low])
    {
        return low;
    }
    if (num == position[high])
    {
        return high;
    }
    while (low != high)
    {
        int mid = (low+high)/2;
        if (position[mid] == num)
        {
            return mid;
        }
        if (num < position[mid])
        {
            high = mid;
        }
        else
        {
            low = mid+1;
        }
    }
    return -1;
}
void Array::bubbleSort()
{
    int temp;
    for (int i = 0; i < usedsize; i++)
    {
        for (int j = 0; j < usedsize-1-i; j++)
        {
            if (position[j] > position[j+1])
            {
                temp = position[j];
                position[j] = position[j+1];
                position[j+1] = temp;
            }
        }
    }
}"
!,@,#,$,%,U,^,&,*,(,)
"5:39 
Example is very nice sir, keep giving such more examples."
!,@,#,$,%,U,^,&,*,(,)
well explained ğŸ‘Œ
!,@,#,$,%,U,^,&,*,(,)
Why Stodio.h header file not work in x code for c++
!,@,#,$,%,U,^,&,*,(,)
"#include <stdio.h>
#include <stdlib.h>
int find(int *a,int f, int str, int end){
    if (a[str]== f)
    {//printf(""\nif running"");
        return str;
    }
    else if (a[end-1]==f){
        //printf(""\nelse if 1 running"");
        return end-1 ;

    }
    else if (a[end/2]== f){
        return end/2 ;
    }

    else if (a[end/2]> f){
        //printf(""else if 2 running"");
        find(a,f,end/2,end-1);


    }

    else if (a[end/2]< f){
        printf(""\nelse if 3 running"");
        find(a,f,end/2,end-1);


    }
    else {
        return 0;
    }

}



int main(){
    //printf(""\nteri mummy"");
    int a[100]={11,12,13,44,56,66};
    int i=find(a,12,0,6);
    printf(""\nfound at index: %d"",i);
   // printf(""\nteri mummy 2"");

    return 0;
}"
!,@,#,$,%,U,^,&,*,(,)
"The another simple way to understand the binary code :

int binarysearch(int arr[] ,int  size , int element ){
    for (int i = 0; i < size; i++)
    {
        if ((arr[i]+arr[size])/2 == element)
        {
             return i ;           
        }        
    }
    return -1 ;
}"
!,@,#,$,%,U,^,&,*,(,)
Thanks Harry vai
!,@,#,$,%,U,^,&,*,(,)
your example is very best
!,@,#,$,%,U,^,&,*,(,)
Nice I understood this
!,@,#,$,%,U,^,&,*,(,)
05:30 examples bhut achha dete ho aap Harry bhaiya ğŸ‘
!,@,#,$,%,U,^,&,*,(,)
mst
!,@,#,$,%,U,^,&,*,(,)
"Hats off for your efforts Sir,
Literally I got habit of you voice and teaching style for my studies.
Thank U again for such priceless efforts and help for us ğŸ’–"
!,@,#,$,%,U,^,&,*,(,)
sir 1 minute please tell me that what is sorted array?? what's the difference between sorted and unsorted array? I can't understand it
!,@,#,$,%,U,^,&,*,(,)
best examples
!,@,#,$,%,U,^,&,*,(,)
"Jab Harry bhai ho saath tab drne ki kya baat
!!!"
!,@,#,$,%,U,^,&,*,(,)
"Your learning style is so complex and so hard.
So change your learning style dude!!!!!!!!"
!,@,#,$,%,U,^,&,*,(,)
Example are more than good
!,@,#,$,%,U,^,&,*,(,)
Thank you sir â¤ï¸
!,@,#,$,%,U,^,&,*,(,)
isme array ka capicity declare kyu nhi kiya
!,@,#,$,%,U,^,&,*,(,)
"I am, as ever, extremely thankful for animator William Marler for handling all the graphics here!"
!,@,#,$,%,U,^,&,*,(,)
Congrats Tom. You are required listening for CS 2 at my school.
!,@,#,$,%,U,^,&,*,(,)
Funny thing : In my country there is actually a school named Dewey and that's my niece's school
!,@,#,$,%,U,^,&,*,(,)
Worth mentioning that binary search is often slower in practice than linear search because the memory accesses are less predictable by the computer hardware.
!,@,#,$,%,U,^,&,*,(,)
The combo of a good teacher and a skilled animator makes tutorials excellent ! Thanks to the team.
!,@,#,$,%,U,^,&,*,(,)
"You're a gift from God, Tom"
!,@,#,$,%,U,^,&,*,(,)
"Not much of an actual explanation of binary search; a great explanation of indexes.  IF you have up to 256 items, you can find any item in not more than 8 fetches (2 to the 8th power is 256).  65536 items may require up to 16 fetches.  4 billion items may require up to 32 fetches; provided the data (or index) is ordered.  The scaling notation is ""Log N"" as the dataset grows, the number of fetches grows as the base 2 logarithm, which is to say, a whole lot slower; it scales up wonderfully well. 
Closely related is inserting a new item; do a binary search to decide where to put it.  Works great in memory but not on disk; on disk you will almost always append the new item and update your indexes.  If you have not indexed anything then your data is ""unordered""."
!,@,#,$,%,U,^,&,*,(,)
getting fired due to complaints about you in 1905 is insane
!,@,#,$,%,U,^,&,*,(,)
"""How bad do you have to be to be kicked out in 1905?"" Is literally so funny I had to pause the video."
!,@,#,$,%,U,^,&,*,(,)
"Another search is to place the last used item on top, and use linear search.  Frequently used items are near the top and more readily found, while rarely used items are farther down."
!,@,#,$,%,U,^,&,*,(,)
Takes me back to The University of Yorkâ€¦
!,@,#,$,%,U,^,&,*,(,)
The INDEXâ€¦is ALWAYS sorted.   And CALCULATING where something isâ€¦is THOUSANDS of times FASTER than LOOKING for it.
!,@,#,$,%,U,^,&,*,(,)
"One small complication is the fact that all modern computers are _really_ bad at random access, at all levels: 
In reality, RAM can (and should) only be read or written sequentially, in fairly large blocks: CPUs used cache lines of 64 or 128 bytes as the minimum size.
For anything on disk you want each access to grab a bunch of blocks, typically somewhere in the MB range.

At the same time, all the branching done in each iteration of binary search also hurts, so in reality as soon as you get down to a ""small enough"" remaining partition, it is faster to do a linear search  than to keep splitting in halves."
!,@,#,$,%,U,^,&,*,(,)
I had a task to quickly search 36 million items and started with a binary search. Someone told me that was slow and I should try using a hash lookup. It was an order of magnitude faster.
!,@,#,$,%,U,^,&,*,(,)
Lucky no 13 .. I am scared of 13
!,@,#,$,%,U,^,&,*,(,)
Blast N is an algorithm useded by ncbi to search for sequence of dna on the database
!,@,#,$,%,U,^,&,*,(,)
"2:09 there's also exponential search (start at the lowest index, double it until you've passed the thing you're looking for, then perform a search (usually binary search) between where you ended and the index you looked at right before). It's used when you don't know how many items there are."
!,@,#,$,%,U,^,&,*,(,)
"Not only is Dewey decimal an example of an index, it's an example of binary search, and also binary insertion. When books are added, they get a number in between two existing numbers according to some rule. If the new book can't be inserted because the two existing numbers are adjacent, an additional digit is tacked on instead. In this way an infinite number of books can be added without reindexing the existing collection."
!,@,#,$,%,U,^,&,*,(,)
Wait till Tom discovers hashmaps
!,@,#,$,%,U,^,&,*,(,)
"I javascript letters have numerical weight for them, ""a"" > ""b"" is true. I was completely confused when I learned about the ""sort"" method for arrays that operated exclusively on whether it received 1, 0, or -1 I had no idea that here you can do math with letters as if they were numbers."
!,@,#,$,%,U,^,&,*,(,)
"There are other ways of creating indexes or organising records. It is possible to use hashed random, which can be very good where you are looking for an exact value. You still have to search a short linear list, but it doesn't suffer from some of the insertion problems you can get with ordered data.  

On the subject of what to index on, one very important point is you do not index fields which only have a very few different values. The index can get very unwieldy and you can easily get into the situation whereby finding, say, all the grey cars by index takes a lot longer than just doing a linear search."
!,@,#,$,%,U,^,&,*,(,)
I think most of us have figured out that any prominent white people from the past (and at least a plurality if not majority in the present) can be safely assumed to be terrible people
!,@,#,$,%,U,^,&,*,(,)
That is true for most applications but there Google search is not the best example for this
!,@,#,$,%,U,^,&,*,(,)
"""windows makes sure to give you the right answer search answer quickly by using indexing""
Except windows search since Win 10 is total crap."
!,@,#,$,%,U,^,&,*,(,)
"thank youuuu a lot, you reminded  me the smell s of a library"
!,@,#,$,%,U,^,&,*,(,)
"When I took an advanced data structures class in college, I thought I would be learning about how to store data.
The algorithms I learned there for faster data parsing and sorting really opened my eyes."
!,@,#,$,%,U,^,&,*,(,)
A113.  Nice touch
!,@,#,$,%,U,^,&,*,(,)
Also...don't over-index your tables.  The optimization goes away.
!,@,#,$,%,U,^,&,*,(,)
5:40: modern computers having literally hundreds of gigabytes of space and insanely efficient compression algorithms
!,@,#,$,%,U,^,&,*,(,)
2023 Feb 11
!,@,#,$,%,U,^,&,*,(,)
You know that indexes are important when you forget to create one and your search need 30 minutes instead of 0.034 seconds
!,@,#,$,%,U,^,&,*,(,)
"When it said he was dismissed for ""sexual harassment"", it could be because he was not committing any such acts, which was making the other men look bad. In 1905, there may have been a quota of slapping bums and lewd remarks required by all male staff and Dewey was not doing his share causing the women to feel unwanted."
!,@,#,$,%,U,^,&,*,(,)
"""don't you know the dewey decimal system"" conan the librarian"
!,@,#,$,%,U,^,&,*,(,)
Imagine being so sexist that you get canceled in 1905.
!,@,#,$,%,U,^,&,*,(,)
Watched this vid about binary search instead of my lecture
!,@,#,$,%,U,^,&,*,(,)
Oh i love logN.
!,@,#,$,%,U,^,&,*,(,)
is this seriously the video where i learn that dewey was a rapist?
!,@,#,$,%,U,^,&,*,(,)
He was a chad :d (!)
!,@,#,$,%,U,^,&,*,(,)
"I always heard it as ""duodecimal"". ğŸ¤£"
!,@,#,$,%,U,^,&,*,(,)
Tom misspoke a bit. Google gives you exactly what Google wants you to have.
!,@,#,$,%,U,^,&,*,(,)
just noticed the reverb and it's only slightly bothering me because i can't unhear it
!,@,#,$,%,U,^,&,*,(,)
"I have worked for a few libraries in my time, and I've come to the opinion that even the modern version of the Dewey system needs a serious update. Not just what the Melvil Decimal System is proposing, but a heavy reordering of several sections to make them more capable of indexing modern library collections. Three examples: 

1.) There is no section for travel guides--they barely existed in Dewey's time, and so they share space with those travel memoirs that haven't been redefined as biographies. 

2.) Most religion categories are occupied by specific topics relating to Christianity and its various denominations. All the other world religions have to share 290-299. This worked great in the USA in 1905...

3.) If something can possibly be indexed by country, it will be. It's no longer strictly European countries that existed in 1905, that's been updated (sort of), but the structure is still there, furthermore, not everything is best indexed by country of origin, and as anyone who's tried to classify World Music will tell you, ""country of origin"" doesn't always tell you what you need to know, in the modern world.

Finally, I'm grateful to Tom for acknowledging Dewey's disturbing and inappropriate behavior. Many librarians are ignorant of this, although that's likely because the story of Dewey's life is essentially irrelevant to a modern librarian."
!,@,#,$,%,U,^,&,*,(,)
"""How bad do you have to be *in 1905* to resign over sexual harassment?!"""
!,@,#,$,%,U,^,&,*,(,)
0:35 pIxAr bOx
!,@,#,$,%,U,^,&,*,(,)
This was so well done.
!,@,#,$,%,U,^,&,*,(,)
You should do a series on Leetcode. Or cracking the coding interview.
!,@,#,$,%,U,^,&,*,(,)
What I live about these videos is that you seem to show the foundations of these which is good because I want to know how the creators came to the solutions and their intentions instead of a already simplified solution by some random guy :)
!,@,#,$,%,U,^,&,*,(,)
0:33 A113
!,@,#,$,%,U,^,&,*,(,)
How bad do you have to be to get kicked out in 1905 for sexual harassment in XDDDDDDD
!,@,#,$,%,U,^,&,*,(,)
O(log(n))
!,@,#,$,%,U,^,&,*,(,)
A113 Easter egg
!,@,#,$,%,U,^,&,*,(,)
"i thank you for defaming dewey, i think that is enormously important"
!,@,#,$,%,U,^,&,*,(,)
Wow is something you would naturally do whenever looking for some word in a dictionary or a page in a book.
!,@,#,$,%,U,^,&,*,(,)
I just noticed the box is called 'Box A113'
!,@,#,$,%,U,^,&,*,(,)
"Even without indexes you can organise everything by Author, colour and title, in only one list, however that just calls for a little bit of arts and crafts. A couple buckets of paint is really all you need"
!,@,#,$,%,U,^,&,*,(,)
"Video would've been better without the Dewey tangent, completely unnecessary information"
!,@,#,$,%,U,^,&,*,(,)
Nice reference to Pixar and a113!
!,@,#,$,%,U,^,&,*,(,)
the ruling class speaks fondly of your extensive apology
!,@,#,$,%,U,^,&,*,(,)
sort f < bookshelf
!,@,#,$,%,U,^,&,*,(,)
"me, a non binary very interested in computer science"
!,@,#,$,%,U,^,&,*,(,)
Thank you.
!,@,#,$,%,U,^,&,*,(,)
â€œBox A113â€ â€” didnâ€™t know you were a Cal Arts alum ;-)
!,@,#,$,%,U,^,&,*,(,)
"Have to disagree. Dewey is about categorising or classifying the books, not sorting them. The sorting is a trivial consequence, as trivial as knowing that the shelf of books published for Feb 1902 will be next to the Mar 1902 books (under an alternative system described). Deweyâ€™s work was to create the a standard set of subject headers under which books could be categorised. Once the categories are established it doesnâ€™t really matter if the 100s are next to the 600s, and youâ€™ll probably find the fiction section (800s) is lighter, warmer and airier than anywhere else.
Anyway, binary searching is just not relevant to Dewey. Binary searching works just as well if every book was organised by author, title, or weight."
!,@,#,$,%,U,^,&,*,(,)
Hope you're never made into a character on Star Trek. ğŸ¤£
!,@,#,$,%,U,^,&,*,(,)
thanks for saving me on my GCSE Computer Science Tom!
!,@,#,$,%,U,^,&,*,(,)
"I ran into a problem on a project I developed for Windows 3.1. That seems like a lifetime ago. At the time, there were no decent databases for me to use (or, at least, none that I liked). I figured it was simple enough to keep the data I had sorted and do binary searches. These were non memory searches, but disk. When I went over about 500 entries, I got tragic slowdowns in the search. In retrospect, it was probably a physical issues with record lookups on the hard drive, but whatever the reason, it wasn't working. That's when I decided to go with a hash as the primary lookup. Then binary within the hash group. Searches that once took a minute on only hundreds of records were taking milliseconds on 10s of thousands. Since that time, I haven't had to roll my own, but I'd bet that Google probably isn't managing things with simple binary lookups, however efficient they seem to be."
!,@,#,$,%,U,^,&,*,(,)
"Not sure how this came up in my youtube queue. I subscribe 100% to binary search, been using it for years. Take your 1,000,000 approach, is aprox 20 comparisons at worst case to find the result. Add another million, and it's just 1 more comparison. Increase by another factor (total 4 million), and it's just one more comparison, etc. Insertion into the index, is the same - fast. Btw, nice presentation. Though you sitting in front of a museum of old computers was a nice touch, but did confuse me to when this might have been recorded."
!,@,#,$,%,U,^,&,*,(,)
"Well, you can also hash values which is a fast way to find information..."
!,@,#,$,%,U,^,&,*,(,)
668 librarians downvoted this.
!,@,#,$,%,U,^,&,*,(,)
"Does the range of numbers ""between 1 and 50""  start at 1 or 2 and end at 49 or 50?"
!,@,#,$,%,U,^,&,*,(,)
Just had to make a numbering system relationship to social justice.
!,@,#,$,%,U,^,&,*,(,)
I am a bit late to this party. What are those antiques you are showing at your side? Are they some kind of  a prop?
!,@,#,$,%,U,^,&,*,(,)
So wouldn't a very large index need indexing then ?  ie if Googles is a Peta in size.
!,@,#,$,%,U,^,&,*,(,)
"Years ago I invented these kinds of systems - this in an EXCELLENT primer

JR"
!,@,#,$,%,U,^,&,*,(,)
Nice nod to room A-113 by your animators :D
!,@,#,$,%,U,^,&,*,(,)
"I used to work at a place that had the same or similar model of disk drives that are behind Tom in this video.  When a record had to be read from disk for each test in a search, if a file had  millions of records, because of the time needed for disk I/O, even a binary search would be too slow. We had an indexing system where one read of the index file would bring in dozens to a couple of thousand indices. A search of the indices read would take place in memory, and result in either the location of the record, the discovery the target record didn't exist, or a location where another set of indices were to be read.  The number of disk reads needed was reduced from  (log base 2 N) for a binary search to (log base i N), where i is the number of indices read with one I/O, and N the number of records in the file."
!,@,#,$,%,U,^,&,*,(,)
"Heh. Today, I had to ask a librarian about where to find History of Greenland in the Dewey Decimal System (itâ€™s a decimal under Geography of Greenland, FYI)"
!,@,#,$,%,U,^,&,*,(,)
"Use The Index, Luke"
!,@,#,$,%,U,^,&,*,(,)
Where does Tom Scott get his ideas from?
!,@,#,$,%,U,^,&,*,(,)
"Google's search result system is simple. 
It takes what you are searching for, and buries it after half a dozen paid ads that they shove down our throats."
!,@,#,$,%,U,^,&,*,(,)
